Handle,Title,Body (HTML),Metafield: sake.type [single_line_text_field],Metafield: sake.abv [number_decimal],Metafield: sake.rice_polishing [number_integer],Metafield: sake.ingredients [multi_line_text_field],Metafield: sake.volumes [single_line_text_field],Metafield: sake.taste [single_line_text_field],Metafield: sake.serving_temp [list.single_line_text_field],Metafield: sake.pairing [multi_line_text_field],Metafield: sake.amakara [number_integer],Metafield: sake.nodan [number_integer],Metafield: sake.aroma [number_integer],Metafield: sake.sanmi [number_integer],Metafield: sake.kire [number_integer]
7,白笹鼓 純米大吟醸,"<h2>白笹鼓 純米大吟醸</h2>
<p>「白笹鼓 純米大吟醸」は、神奈川県秦野市の金井酒造店が、環境省「全国名水百選」に選ばれた丹沢山系の伏流水で醸す純米大吟醸です。精米歩合45%・アルコール度数15度。口に含んだ瞬間から、ふくよかなの米の旨味と優しい味わいが広がる、味わい深い杜氏渾身の一品。 山田錦を45％まで磨き、低温でゆっくりと時間をかけて醸しました。贅沢な酒質と風格ある外装から、特別な日のご利用に大変喜ばれています。贈答用にもお薦め。</p>
<h3>味わいチャート</h3>
<table style=""border-collapse:collapse;width:100%;max-width:440px;font-size:13px;line-height:1.4;""><tbody>
<tr><td style=""padding:5px 6px;white-space:nowrap;color:#555;"">甘口</td><td style=""padding:5px 6px;width:100%;""><div style=""background:#ece7dd;border-radius:6px;height:12px;""><div style=""background:#9c6b1f;width:60%;height:12px;border-radius:6px;""></div></div></td><td style=""padding:5px 6px;white-space:nowrap;color:#555;"">辛口 <strong>3/5</strong></td></tr>
<tr><td style=""padding:5px 6px;white-space:nowrap;color:#555;"">淡麗</td><td style=""padding:5px 6px;width:100%;""><div style=""background:#ece7dd;border-radius:6px;height:12px;""><div style=""background:#9c6b1f;width:60%;height:12px;border-radius:6px;""></div></div></td><td style=""padding:5px 6px;white-space:nowrap;color:#555;"">濃醇 <strong>3/5</strong></td></tr>
<tr><td style=""padding:5px 6px;white-space:nowrap;color:#555;"">穏やか</td><td style=""padding:5px 6px;width:100%;""><div style=""background:#ece7dd;border-radius:6px;height:12px;""><div style=""background:#9c6b1f;width:100%;height:12px;border-radius:6px;""></div></div></td><td style=""padding:5px 6px;white-space:nowrap;color:#555;"">華やか <strong>5/5</strong></td></tr>
<tr><td style=""padding:5px 6px;white-space:nowrap;color:#555;"">おだやか</td><td style=""padding:5px 6px;width:100%;""><div style=""background:#ece7dd;border-radius:6px;height:12px;""><div style=""background:#9c6b1f;width:60%;height:12px;border-radius:6px;""></div></div></td><td style=""padding:5px 6px;white-space:nowrap;color:#555;"">酸味 <strong>3/5</strong></td></tr>
<tr><td style=""padding:5px 6px;white-space:nowrap;color:#555;"">まろやか</td><td style=""padding:5px 6px;width:100%;""><div style=""background:#ece7dd;border-radius:6px;height:12px;""><div style=""background:#9c6b1f;width:60%;height:12px;border-radius:6px;""></div></div></td><td style=""padding:5px 6px;white-space:nowrap;color:#555;"">キレ <strong>3/5</strong></td></tr>
</tbody></table>
<p style=""font-size:12px;color:#888;"">※甘辛・濃淡・香り・酸味・キレを5段階で表示しています。</p>
<h3>おすすめの飲み方・相性料理</h3>
<p>よく冷やして（5〜10℃）お楽しみいただけます。焼き魚や煮物などだしの効いた和食と好相性です。</p>
<h3>商品仕様</h3>
<table><tbody><tr><th>種類</th><td>純米大吟醸</td></tr><tr><th>アルコール度数</th><td>15度</td></tr><tr><th>精米歩合</th><td>45%</td></tr><tr><th>原材料名</th><td>米（国産）、米麹（国産米）</td></tr><tr><th>内容量</th><td>720ml / 1800ml</td></tr><tr><th>製造元</th><td>金井酒造店（神奈川県秦野市）</td></tr></tbody></table>
<h3>よくあるご質問</h3><dl><dt>おすすめの飲み方は？</dt><dd>よく冷やして（5〜10℃）お楽しみいただけます。</dd><dt>どんな料理に合いますか？</dt><dd>焼き魚や煮物、だしの効いた和食をはじめ、和食全般と好相性です。</dd><dt>保存方法は？</dt><dd>直射日光を避け、冷暗所で保管してください。開栓後はお早めにお召し上がりください。</dd></dl>",純米大吟醸,15,45,米（国産）、米麹（国産米）,720ml / 1800ml,,"[""冷や""]",焼き魚、煮物、だしの効いた和食,3,3,5,3,3
9,白笹鼓 大吟醸,"<h2>白笹鼓 大吟醸</h2>
<p>「白笹鼓 大吟醸」は、神奈川県秦野市の金井酒造店が、環境省「全国名水百選」に選ばれた丹沢山系の伏流水で醸す大吟醸です。精米歩合45%・アルコール度数15度。華やかにしてフルーティーな香り。山田錦を45%まで磨き、まろやかなコクとのほのかな甘みを感じさせてくれる杜氏渾身の一品。華やかさ溢れる酒質と風格ある外装から、特別な日のご利用に大変喜ばれています。贈答用にもお薦め。</p>
<h3>味わいチャート</h3>
<table style=""border-collapse:collapse;width:100%;max-width:440px;font-size:13px;line-height:1.4;""><tbody>
<tr><td style=""padding:5px 6px;white-space:nowrap;color:#555;"">甘口</td><td style=""padding:5px 6px;width:100%;""><div style=""background:#ece7dd;border-radius:6px;height:12px;""><div style=""background:#9c6b1f;width:80%;height:12px;border-radius:6px;""></div></div></td><td style=""padding:5px 6px;white-space:nowrap;color:#555;"">辛口 <strong>4/5</strong></td></tr>
<tr><td style=""padding:5px 6px;white-space:nowrap;color:#555;"">淡麗</td><td style=""padding:5px 6px;width:100%;""><div style=""background:#ece7dd;border-radius:6px;height:12px;""><div style=""background:#9c6b1f;width:60%;height:12px;border-radius:6px;""></div></div></td><td style=""padding:5px 6px;white-space:nowrap;color:#555;"">濃醇 <strong>3/5</strong></td></tr>
<tr><td style=""padding:5px 6px;white-space:nowrap;color:#555;"">穏やか</td><td style=""padding:5px 6px;width:100%;""><div style=""background:#ece7dd;border-radius:6px;height:12px;""><div style=""background:#9c6b1f;width:100%;height:12px;border-radius:6px;""></div></div></td><td style=""padding:5px 6px;white-space:nowrap;color:#555;"">華やか <strong>5/5</strong></td></tr>
<tr><td style=""padding:5px 6px;white-space:nowrap;color:#555;"">おだやか</td><td style=""padding:5px 6px;width:100%;""><div style=""background:#ece7dd;border-radius:6px;height:12px;""><div style=""background:#9c6b1f;width:60%;height:12px;border-radius:6px;""></div></div></td><td style=""padding:5px 6px;white-space:nowrap;color:#555;"">酸味 <strong>3/5</strong></td></tr>
<tr><td style=""padding:5px 6px;white-space:nowrap;color:#555;"">まろやか</td><td style=""padding:5px 6px;width:100%;""><div style=""background:#ece7dd;border-radius:6px;height:12px;""><div style=""background:#9c6b1f;width:80%;height:12px;border-radius:6px;""></div></div></td><td style=""padding:5px 6px;white-space:nowrap;color:#555;"">キレ <strong>4/5</strong></td></tr>
</tbody></table>
<p style=""font-size:12px;color:#888;"">※甘辛・濃淡・香り・酸味・キレを5段階で表示しています。</p>
<h3>おすすめの飲み方・相性料理</h3>
<p>よく冷やして（5〜10℃）お楽しみいただけます。焼き魚や煮物などだしの効いた和食と好相性です。</p>
<h3>商品仕様</h3>
<table><tbody><tr><th>種類</th><td>大吟醸</td></tr><tr><th>アルコール度数</th><td>15度</td></tr><tr><th>精米歩合</th><td>45%</td></tr><tr><th>原材料名</th><td>米（国産）、米麹（国産米）、醸造アルコール</td></tr><tr><th>内容量</th><td>720ml / 1800ml</td></tr><tr><th>製造元</th><td>金井酒造店（神奈川県秦野市）</td></tr></tbody></table>
<h3>よくあるご質問</h3><dl><dt>おすすめの飲み方は？</dt><dd>よく冷やして（5〜10℃）お楽しみいただけます。</dd><dt>どんな料理に合いますか？</dt><dd>焼き魚や煮物、だしの効いた和食をはじめ、和食全般と好相性です。</dd><dt>保存方法は？</dt><dd>直射日光を避け、冷暗所で保管してください。開栓後はお早めにお召し上がりください。</dd></dl>",大吟醸,15,45,米（国産）、米麹（国産米）、醸造アルコール,720ml / 1800ml,やや辛口,"[""冷や""]",焼き魚、煮物、だしの効いた和食,4,3,5,3,4
14,白笹鼓 純米吟醸,"<h2>白笹鼓 純米吟醸</h2>
<p>「白笹鼓 純米吟醸」は、神奈川県秦野市の金井酒造店が、環境省「全国名水百選」に選ばれた丹沢山系の伏流水で醸す純米吟醸です。精米歩合60%・アルコール度数14度。丹沢の風を想起させる清涼な香りと爽やかな味わい。よく冷やしてキリリと。常温で優しい味わいを。シーンにあわせてお楽しみいただける純米吟醸酒です。</p>
<h3>味わいチャート</h3>
<table style=""border-collapse:collapse;width:100%;max-width:440px;font-size:13px;line-height:1.4;""><tbody>
<tr><td style=""padding:5px 6px;white-space:nowrap;color:#555;"">甘口</td><td style=""padding:5px 6px;width:100%;""><div style=""background:#ece7dd;border-radius:6px;height:12px;""><div style=""background:#9c6b1f;width:60%;height:12px;border-radius:6px;""></div></div></td><td style=""padding:5px 6px;white-space:nowrap;color:#555;"">辛口 <strong>3/5</strong></td></tr>
<tr><td style=""padding:5px 6px;white-space:nowrap;color:#555;"">淡麗</td><td style=""padding:5px 6px;width:100%;""><div style=""background:#ece7dd;border-radius:6px;height:12px;""><div style=""background:#9c6b1f;width:60%;height:12px;border-radius:6px;""></div></div></td><td style=""padding:5px 6px;white-space:nowrap;color:#555;"">濃醇 <strong>3/5</strong></td></tr>
<tr><td style=""padding:5px 6px;white-space:nowrap;color:#555;"">穏やか</td><td style=""padding:5px 6px;width:100%;""><div style=""background:#ece7dd;border-radius:6px;height:12px;""><div style=""background:#9c6b1f;width:80%;height:12px;border-radius:6px;""></div></div></td><td style=""padding:5px 6px;white-space:nowrap;color:#555;"">華やか <strong>4/5</strong></td></tr>
<tr><td style=""padding:5px 6px;white-space:nowrap;color:#555;"">おだやか</td><td style=""padding:5px 6px;width:100%;""><div style=""background:#ece7dd;border-radius:6px;height:12px;""><div style=""background:#9c6b1f;width:60%;height:12px;border-radius:6px;""></div></div></td><td style=""padding:5px 6px;white-space:nowrap;color:#555;"">酸味 <strong>3/5</strong></td></tr>
<tr><td style=""padding:5px 6px;white-space:nowrap;color:#555;"">まろやか</td><td style=""padding:5px 6px;width:100%;""><div style=""background:#ece7dd;border-radius:6px;height:12px;""><div style=""background:#9c6b1f;width:60%;height:12px;border-radius:6px;""></div></div></td><td style=""padding:5px 6px;white-space:nowrap;color:#555;"">キレ <strong>3/5</strong></td></tr>
</tbody></table>
<p style=""font-size:12px;color:#888;"">※甘辛・濃淡・香り・酸味・キレを5段階で表示しています。</p>
<h3>おすすめの飲み方・相性料理</h3>
<p>よく冷やして（5〜10℃）お楽しみいただけます。焼き魚や煮物などだしの効いた和食と好相性です。</p>
<h3>商品仕様</h3>
<table><tbody><tr><th>種類</th><td>純米吟醸</td></tr><tr><th>アルコール度数</th><td>14度</td></tr><tr><th>精米歩合</th><td>60%</td></tr><tr><th>原材料名</th><td>米（国産）、米麹（国産米）</td></tr><tr><th>内容量</th><td>720ml / 1800ml</td></tr><tr><th>製造元</th><td>金井酒造店（神奈川県秦野市）</td></tr></tbody></table>
<h3>よくあるご質問</h3><dl><dt>おすすめの飲み方は？</dt><dd>よく冷やして（5〜10℃）お楽しみいただけます。</dd><dt>どんな料理に合いますか？</dt><dd>焼き魚や煮物、だしの効いた和食をはじめ、和食全般と好相性です。</dd><dt>保存方法は？</dt><dd>直射日光を避け、冷暗所で保管してください。開栓後はお早めにお召し上がりください。</dd></dl>",純米吟醸,14,60,米（国産）、米麹（国産米）,720ml / 1800ml,,"[""冷や""]",焼き魚、煮物、だしの効いた和食,3,3,4,3,3
15,白笹鼓 純米吟醸酒「神奈川物語」500ml,"<h2>白笹鼓 純米吟醸酒「神奈川物語」500ml</h2>
<p>「白笹鼓 純米吟醸酒「神奈川物語」500ml」は、神奈川県秦野市の金井酒造店が、環境省「全国名水百選」に選ばれた丹沢山系の伏流水で醸す純米吟醸です。</p>
<h3>味わいチャート</h3>
<table style=""border-collapse:collapse;width:100%;max-width:440px;font-size:13px;line-height:1.4;""><tbody>
<tr><td style=""padding:5px 6px;white-space:nowrap;color:#555;"">甘口</td><td style=""padding:5px 6px;width:100%;""><div style=""background:#ece7dd;border-radius:6px;height:12px;""><div style=""background:#9c6b1f;width:60%;height:12px;border-radius:6px;""></div></div></td><td style=""padding:5px 6px;white-space:nowrap;color:#555;"">辛口 <strong>3/5</strong></td></tr>
<tr><td style=""padding:5px 6px;white-space:nowrap;color:#555;"">淡麗</td><td style=""padding:5px 6px;width:100%;""><div style=""background:#ece7dd;border-radius:6px;height:12px;""><div style=""background:#9c6b1f;width:80%;height:12px;border-radius:6px;""></div></div></td><td style=""padding:5px 6px;white-space:nowrap;color:#555;"">濃醇 <strong>4/5</strong></td></tr>
<tr><td style=""padding:5px 6px;white-space:nowrap;color:#555;"">穏やか</td><td style=""padding:5px 6px;width:100%;""><div style=""background:#ece7dd;border-radius:6px;height:12px;""><div style=""background:#9c6b1f;width:80%;height:12px;border-radius:6px;""></div></div></td><td style=""padding:5px 6px;white-space:nowrap;color:#555;"">華やか <strong>4/5</strong></td></tr>
<tr><td style=""padding:5px 6px;white-space:nowrap;color:#555;"">おだやか</td><td style=""padding:5px 6px;width:100%;""><div style=""background:#ece7dd;border-radius:6px;height:12px;""><div style=""background:#9c6b1f;width:80%;height:12px;border-radius:6px;""></div></div></td><td style=""padding:5px 6px;white-space:nowrap;color:#555;"">酸味 <strong>4/5</strong></td></tr>
<tr><td style=""padding:5px 6px;white-space:nowrap;color:#555;"">まろやか</td><td style=""padding:5px 6px;width:100%;""><div style=""background:#ece7dd;border-radius:6px;height:12px;""><div style=""background:#9c6b1f;width:40%;height:12px;border-radius:6px;""></div></div></td><td style=""padding:5px 6px;white-space:nowrap;color:#555;"">キレ <strong>2/5</strong></td></tr>
</tbody></table>
<p style=""font-size:12px;color:#888;"">※甘辛・濃淡・香り・酸味・キレを5段階で表示しています。</p>
<h3>おすすめの飲み方・相性料理</h3>
<p>よく冷やして（5〜10℃）お楽しみいただけます。焼き魚や煮物などだしの効いた和食と好相性です。</p>
<h3>商品仕様</h3>
<table><tbody><tr><th>種類</th><td>純米吟醸</td></tr><tr><th>製造元</th><td>金井酒造店（神奈川県秦野市）</td></tr></tbody></table>
<h3>よくあるご質問</h3><dl><dt>おすすめの飲み方は？</dt><dd>よく冷やして（5〜10℃）お楽しみいただけます。</dd><dt>どんな料理に合いますか？</dt><dd>焼き魚や煮物、だしの効いた和食をはじめ、和食全般と好相性です。</dd><dt>保存方法は？</dt><dd>直射日光を避け、冷暗所で保管してください。開栓後はお早めにお召し上がりください。</dd></dl>",純米吟醸,,,,,,"[""冷や""]",焼き魚、煮物、だしの効いた和食,3,4,4,4,2
16,白笹鼓 特別純米酒 300ml,"<h2>白笹鼓 特別純米酒 300ml</h2>
<p>「白笹鼓 特別純米酒 300ml」は、神奈川県秦野市の金井酒造店が、環境省「全国名水百選」に選ばれた丹沢山系の伏流水で醸す特別純米です。</p>
<h3>味わいチャート</h3>
<table style=""border-collapse:collapse;width:100%;max-width:440px;font-size:13px;line-height:1.4;""><tbody>
<tr><td style=""padding:5px 6px;white-space:nowrap;color:#555;"">甘口</td><td style=""padding:5px 6px;width:100%;""><div style=""background:#ece7dd;border-radius:6px;height:12px;""><div style=""background:#9c6b1f;width:80%;height:12px;border-radius:6px;""></div></div></td><td style=""padding:5px 6px;white-space:nowrap;color:#555;"">辛口 <strong>4/5</strong></td></tr>
<tr><td style=""padding:5px 6px;white-space:nowrap;color:#555;"">淡麗</td><td style=""padding:5px 6px;width:100%;""><div style=""background:#ece7dd;border-radius:6px;height:12px;""><div style=""background:#9c6b1f;width:80%;height:12px;border-radius:6px;""></div></div></td><td style=""padding:5px 6px;white-space:nowrap;color:#555;"">濃醇 <strong>4/5</strong></td></tr>
<tr><td style=""padding:5px 6px;white-space:nowrap;color:#555;"">穏やか</td><td style=""padding:5px 6px;width:100%;""><div style=""background:#ece7dd;border-radius:6px;height:12px;""><div style=""background:#9c6b1f;width:80%;height:12px;border-radius:6px;""></div></div></td><td style=""padding:5px 6px;white-space:nowrap;color:#555;"">華やか <strong>4/5</strong></td></tr>
<tr><td style=""padding:5px 6px;white-space:nowrap;color:#555;"">おだやか</td><td style=""padding:5px 6px;width:100%;""><div style=""background:#ece7dd;border-radius:6px;height:12px;""><div style=""background:#9c6b1f;width:80%;height:12px;border-radius:6px;""></div></div></td><td style=""padding:5px 6px;white-space:nowrap;color:#555;"">酸味 <strong>4/5</strong></td></tr>
<tr><td style=""padding:5px 6px;white-space:nowrap;color:#555;"">まろやか</td><td style=""padding:5px 6px;width:100%;""><div style=""background:#ece7dd;border-radius:6px;height:12px;""><div style=""background:#9c6b1f;width:80%;height:12px;border-radius:6px;""></div></div></td><td style=""padding:5px 6px;white-space:nowrap;color:#555;"">キレ <strong>4/5</strong></td></tr>
</tbody></table>
<p style=""font-size:12px;color:#888;"">※甘辛・濃淡・香り・酸味・キレを5段階で表示しています。</p>
<h3>おすすめの飲み方・相性料理</h3>
<p>冷やから常温、ぬる燗までお楽しみいただけます。焼き魚や煮物などだしの効いた和食と好相性です。</p>
<h3>商品仕様</h3>
<table><tbody><tr><th>種類</th><td>特別純米</td></tr><tr><th>製造元</th><td>金井酒造店（神奈川県秦野市）</td></tr></tbody></table>
<h3>よくあるご質問</h3><dl><dt>おすすめの飲み方は？</dt><dd>冷やから常温、ぬる燗までお楽しみいただけます。</dd><dt>どんな料理に合いますか？</dt><dd>焼き魚や煮物、だしの効いた和食をはじめ、和食全般と好相性です。</dd><dt>保存方法は？</dt><dd>直射日光を避け、冷暗所で保管してください。開栓後はお早めにお召し上がりください。</dd></dl>",特別純米,,,,,やや辛口,"[""冷や"", ""常温"", ""ぬる燗""]",焼き魚、煮物、だしの効いた和食,4,4,4,4,4
17,白笹鼓 特別純米,"<h2>白笹鼓 特別純米</h2>
<p>「白笹鼓 特別純米」は、神奈川県秦野市の金井酒造店が、環境省「全国名水百選」に選ばれた丹沢山系の伏流水で醸す特別純米です。精米歩合65%・アルコール度数15度。やわらかな香りと上品な甘み。 軽やかさの中にほのかな辛さを感じさせつつ、密度ある旨味の余韻が後を引きます。 熱燗から冷酒まで、幅広い温度帯でお楽しみください。</p>
<h3>味わいチャート</h3>
<table style=""border-collapse:collapse;width:100%;max-width:440px;font-size:13px;line-height:1.4;""><tbody>
<tr><td style=""padding:5px 6px;white-space:nowrap;color:#555;"">甘口</td><td style=""padding:5px 6px;width:100%;""><div style=""background:#ece7dd;border-radius:6px;height:12px;""><div style=""background:#9c6b1f;width:80%;height:12px;border-radius:6px;""></div></div></td><td style=""padding:5px 6px;white-space:nowrap;color:#555;"">辛口 <strong>4/5</strong></td></tr>
<tr><td style=""padding:5px 6px;white-space:nowrap;color:#555;"">淡麗</td><td style=""padding:5px 6px;width:100%;""><div style=""background:#ece7dd;border-radius:6px;height:12px;""><div style=""background:#9c6b1f;width:60%;height:12px;border-radius:6px;""></div></div></td><td style=""padding:5px 6px;white-space:nowrap;color:#555;"">濃醇 <strong>3/5</strong></td></tr>
<tr><td style=""padding:5px 6px;white-space:nowrap;color:#555;"">穏やか</td><td style=""padding:5px 6px;width:100%;""><div style=""background:#ece7dd;border-radius:6px;height:12px;""><div style=""background:#9c6b1f;width:60%;height:12px;border-radius:6px;""></div></div></td><td style=""padding:5px 6px;white-space:nowrap;color:#555;"">華やか <strong>3/5</strong></td></tr>
<tr><td style=""padding:5px 6px;white-space:nowrap;color:#555;"">おだやか</td><td style=""padding:5px 6px;width:100%;""><div style=""background:#ece7dd;border-radius:6px;height:12px;""><div style=""background:#9c6b1f;width:60%;height:12px;border-radius:6px;""></div></div></td><td style=""padding:5px 6px;white-space:nowrap;color:#555;"">酸味 <strong>3/5</strong></td></tr>
<tr><td style=""padding:5px 6px;white-space:nowrap;color:#555;"">まろやか</td><td style=""padding:5px 6px;width:100%;""><div style=""background:#ece7dd;border-radius:6px;height:12px;""><div style=""background:#9c6b1f;width:80%;height:12px;border-radius:6px;""></div></div></td><td style=""padding:5px 6px;white-space:nowrap;color:#555;"">キレ <strong>4/5</strong></td></tr>
</tbody></table>
<p style=""font-size:12px;color:#888;"">※甘辛・濃淡・香り・酸味・キレを5段階で表示しています。</p>
<h3>おすすめの飲み方・相性料理</h3>
<p>冷やから常温、ぬる燗までお楽しみいただけます。焼き魚や煮物などだしの効いた和食と好相性です。</p>
<h3>商品仕様</h3>
<table><tbody><tr><th>種類</th><td>特別純米</td></tr><tr><th>アルコール度数</th><td>15度</td></tr><tr><th>精米歩合</th><td>65%</td></tr><tr><th>原材料名</th><td>米（国産）、米麹（国産米）</td></tr><tr><th>内容量</th><td>720ml / 1800ml</td></tr><tr><th>製造元</th><td>金井酒造店（神奈川県秦野市）</td></tr></tbody></table>
<h3>よくあるご質問</h3><dl><dt>おすすめの飲み方は？</dt><dd>冷やから常温、ぬる燗までお楽しみいただけます。</dd><dt>どんな料理に合いますか？</dt><dd>焼き魚や煮物、だしの効いた和食をはじめ、和食全般と好相性です。</dd><dt>保存方法は？</dt><dd>直射日光を避け、冷暗所で保管してください。開栓後はお早めにお召し上がりください。</dd></dl>",特別純米,15,65,米（国産）、米麹（国産米）,720ml / 1800ml,やや辛口,"[""冷や"", ""常温"", ""ぬる燗""]",焼き魚、煮物、だしの効いた和食,4,3,3,3,4
19,白笹鼓 特別本醸造,"<h2>白笹鼓 特別本醸造</h2>
<p>「白笹鼓 特別本醸造」は、神奈川県秦野市の金井酒造店が、環境省「全国名水百選」に選ばれた丹沢山系の伏流水で醸す特別本醸造です。精米歩合60%・アルコール度数15度。丹沢の岩清水を感じさせる清涼な口当たりと奥深さのある旨みが特徴。ほんのり感じるハーブのような含み香に、後味はキリッと。和食に限らず、シーフードイタリアン等とのマリアージュもお薦め。</p>
<h3>味わいチャート</h3>
<table style=""border-collapse:collapse;width:100%;max-width:440px;font-size:13px;line-height:1.4;""><tbody>
<tr><td style=""padding:5px 6px;white-space:nowrap;color:#555;"">甘口</td><td style=""padding:5px 6px;width:100%;""><div style=""background:#ece7dd;border-radius:6px;height:12px;""><div style=""background:#9c6b1f;width:80%;height:12px;border-radius:6px;""></div></div></td><td style=""padding:5px 6px;white-space:nowrap;color:#555;"">辛口 <strong>4/5</strong></td></tr>
<tr><td style=""padding:5px 6px;white-space:nowrap;color:#555;"">淡麗</td><td style=""padding:5px 6px;width:100%;""><div style=""background:#ece7dd;border-radius:6px;height:12px;""><div style=""background:#9c6b1f;width:40%;height:12px;border-radius:6px;""></div></div></td><td style=""padding:5px 6px;white-space:nowrap;color:#555;"">濃醇 <strong>2/5</strong></td></tr>
<tr><td style=""padding:5px 6px;white-space:nowrap;color:#555;"">穏やか</td><td style=""padding:5px 6px;width:100%;""><div style=""background:#ece7dd;border-radius:6px;height:12px;""><div style=""background:#9c6b1f;width:40%;height:12px;border-radius:6px;""></div></div></td><td style=""padding:5px 6px;white-space:nowrap;color:#555;"">華やか <strong>2/5</strong></td></tr>
<tr><td style=""padding:5px 6px;white-space:nowrap;color:#555;"">おだやか</td><td style=""padding:5px 6px;width:100%;""><div style=""background:#ece7dd;border-radius:6px;height:12px;""><div style=""background:#9c6b1f;width:60%;height:12px;border-radius:6px;""></div></div></td><td style=""padding:5px 6px;white-space:nowrap;color:#555;"">酸味 <strong>3/5</strong></td></tr>
<tr><td style=""padding:5px 6px;white-space:nowrap;color:#555;"">まろやか</td><td style=""padding:5px 6px;width:100%;""><div style=""background:#ece7dd;border-radius:6px;height:12px;""><div style=""background:#9c6b1f;width:80%;height:12px;border-radius:6px;""></div></div></td><td style=""padding:5px 6px;white-space:nowrap;color:#555;"">キレ <strong>4/5</strong></td></tr>
</tbody></table>
<p style=""font-size:12px;color:#888;"">※甘辛・濃淡・香り・酸味・キレを5段階で表示しています。</p>
<h3>おすすめの飲み方・相性料理</h3>
<p>冷やから燗まで温度を選ばずお楽しみいただけます。焼き魚や煮物などだしの効いた和食と好相性です。</p>
<h3>商品仕様</h3>
<table><tbody><tr><th>種類</th><td>特別本醸造</td></tr><tr><th>アルコール度数</th><td>15度</td></tr><tr><th>精米歩合</th><td>60%</td></tr><tr><th>原材料名</th><td>米（国産）、米麹（国産米）、醸造アルコール</td></tr><tr><th>内容量</th><td>720ml / 1800ml</td></tr><tr><th>製造元</th><td>金井酒造店（神奈川県秦野市）</td></tr></tbody></table>
<h3>よくあるご質問</h3><dl><dt>おすすめの飲み方は？</dt><dd>冷やから燗まで温度を選ばずお楽しみいただけます。</dd><dt>どんな料理に合いますか？</dt><dd>焼き魚や煮物、だしの効いた和食をはじめ、和食全般と好相性です。</dd><dt>保存方法は？</dt><dd>直射日光を避け、冷暗所で保管してください。開栓後はお早めにお召し上がりください。</dd></dl>",特別本醸造,15,60,米（国産）、米麹（国産米）、醸造アルコール,720ml / 1800ml,やや淡麗辛口,"[""冷や"", ""常温"", ""燗""]",焼き魚、煮物、だしの効いた和食,4,2,2,3,4
21,白笹鼓 純米,"<h2>白笹鼓 純米</h2>
<p>「白笹鼓 純米」は、神奈川県秦野市の金井酒造店が、環境省「全国名水百選」に選ばれた丹沢山系の伏流水で醸す純米です。精米歩合65%・アルコール度数14度。米のコクとふくよかな旨味を存分に堪能できる商品。ほのかに感じるもちもちとした炊き立てのお米のような味わいが、和食をはじめとしたお料理のお供に最適。ひや、常温、温燗と温度によって味わいの変化を楽しむことのできる商品。</p>
<h3>味わいチャート</h3>
<table style=""border-collapse:collapse;width:100%;max-width:440px;font-size:13px;line-height:1.4;""><tbody>
<tr><td style=""padding:5px 6px;white-space:nowrap;color:#555;"">甘口</td><td style=""padding:5px 6px;width:100%;""><div style=""background:#ece7dd;border-radius:6px;height:12px;""><div style=""background:#9c6b1f;width:80%;height:12px;border-radius:6px;""></div></div></td><td style=""padding:5px 6px;white-space:nowrap;color:#555;"">辛口 <strong>4/5</strong></td></tr>
<tr><td style=""padding:5px 6px;white-space:nowrap;color:#555;"">淡麗</td><td style=""padding:5px 6px;width:100%;""><div style=""background:#ece7dd;border-radius:6px;height:12px;""><div style=""background:#9c6b1f;width:60%;height:12px;border-radius:6px;""></div></div></td><td style=""padding:5px 6px;white-space:nowrap;color:#555;"">濃醇 <strong>3/5</strong></td></tr>
<tr><td style=""padding:5px 6px;white-space:nowrap;color:#555;"">穏やか</td><td style=""padding:5px 6px;width:100%;""><div style=""background:#ece7dd;border-radius:6px;height:12px;""><div style=""background:#9c6b1f;width:60%;height:12px;border-radius:6px;""></div></div></td><td style=""padding:5px 6px;white-space:nowrap;color:#555;"">華やか <strong>3/5</strong></td></tr>
<tr><td style=""padding:5px 6px;white-space:nowrap;color:#555;"">おだやか</td><td style=""padding:5px 6px;width:100%;""><div style=""background:#ece7dd;border-radius:6px;height:12px;""><div style=""background:#9c6b1f;width:60%;height:12px;border-radius:6px;""></div></div></td><td style=""padding:5px 6px;white-space:nowrap;color:#555;"">酸味 <strong>3/5</strong></td></tr>
<tr><td style=""padding:5px 6px;white-space:nowrap;color:#555;"">まろやか</td><td style=""padding:5px 6px;width:100%;""><div style=""background:#ece7dd;border-radius:6px;height:12px;""><div style=""background:#9c6b1f;width:80%;height:12px;border-radius:6px;""></div></div></td><td style=""padding:5px 6px;white-space:nowrap;color:#555;"">キレ <strong>4/5</strong></td></tr>
</tbody></table>
<p style=""font-size:12px;color:#888;"">※甘辛・濃淡・香り・酸味・キレを5段階で表示しています。</p>
<h3>おすすめの飲み方・相性料理</h3>
<p>冷やから常温、ぬる燗までお楽しみいただけます。焼き魚や煮物などだしの効いた和食と好相性です。</p>
<h3>商品仕様</h3>
<table><tbody><tr><th>種類</th><td>純米</td></tr><tr><th>アルコール度数</th><td>14度</td></tr><tr><th>精米歩合</th><td>65%</td></tr><tr><th>原材料名</th><td>米（国産）、米麹（国産米）</td></tr><tr><th>内容量</th><td>720ml / 1800ml</td></tr><tr><th>製造元</th><td>金井酒造店（神奈川県秦野市）</td></tr></tbody></table>
<h3>よくあるご質問</h3><dl><dt>おすすめの飲み方は？</dt><dd>冷やから常温、ぬる燗までお楽しみいただけます。</dd><dt>どんな料理に合いますか？</dt><dd>焼き魚や煮物、だしの効いた和食をはじめ、和食全般と好相性です。</dd><dt>保存方法は？</dt><dd>直射日光を避け、冷暗所で保管してください。開栓後はお早めにお召し上がりください。</dd></dl>",純米,14,65,米（国産）、米麹（国産米）,720ml / 1800ml,やや辛口,"[""冷や"", ""常温"", ""ぬる燗""]",焼き魚、煮物、だしの効いた和食,4,3,3,3,4
23,白笹鼓 本醸造,"<h2>白笹鼓 本醸造</h2>
<p>「白笹鼓 本醸造」は、神奈川県秦野市の金井酒造店が、環境省「全国名水百選」に選ばれた丹沢山系の伏流水で醸す本醸造です。精米歩合65%・アルコール度数15度。</p>
<h3>味わいチャート</h3>
<table style=""border-collapse:collapse;width:100%;max-width:440px;font-size:13px;line-height:1.4;""><tbody>
<tr><td style=""padding:5px 6px;white-space:nowrap;color:#555;"">甘口</td><td style=""padding:5px 6px;width:100%;""><div style=""background:#ece7dd;border-radius:6px;height:12px;""><div style=""background:#9c6b1f;width:80%;height:12px;border-radius:6px;""></div></div></td><td style=""padding:5px 6px;white-space:nowrap;color:#555;"">辛口 <strong>4/5</strong></td></tr>
<tr><td style=""padding:5px 6px;white-space:nowrap;color:#555;"">淡麗</td><td style=""padding:5px 6px;width:100%;""><div style=""background:#ece7dd;border-radius:6px;height:12px;""><div style=""background:#9c6b1f;width:40%;height:12px;border-radius:6px;""></div></div></td><td style=""padding:5px 6px;white-space:nowrap;color:#555;"">濃醇 <strong>2/5</strong></td></tr>
<tr><td style=""padding:5px 6px;white-space:nowrap;color:#555;"">穏やか</td><td style=""padding:5px 6px;width:100%;""><div style=""background:#ece7dd;border-radius:6px;height:12px;""><div style=""background:#9c6b1f;width:40%;height:12px;border-radius:6px;""></div></div></td><td style=""padding:5px 6px;white-space:nowrap;color:#555;"">華やか <strong>2/5</strong></td></tr>
<tr><td style=""padding:5px 6px;white-space:nowrap;color:#555;"">おだやか</td><td style=""padding:5px 6px;width:100%;""><div style=""background:#ece7dd;border-radius:6px;height:12px;""><div style=""background:#9c6b1f;width:60%;height:12px;border-radius:6px;""></div></div></td><td style=""padding:5px 6px;white-space:nowrap;color:#555;"">酸味 <strong>3/5</strong></td></tr>
<tr><td style=""padding:5px 6px;white-space:nowrap;color:#555;"">まろやか</td><td style=""padding:5px 6px;width:100%;""><div style=""background:#ece7dd;border-radius:6px;height:12px;""><div style=""background:#9c6b1f;width:100%;height:12px;border-radius:6px;""></div></div></td><td style=""padding:5px 6px;white-space:nowrap;color:#555;"">キレ <strong>5/5</strong></td></tr>
</tbody></table>
<p style=""font-size:12px;color:#888;"">※甘辛・濃淡・香り・酸味・キレを5段階で表示しています。</p>
<h3>おすすめの飲み方・相性料理</h3>
<p>冷やから燗まで温度を選ばずお楽しみいただけます。焼き魚や煮物などだしの効いた和食と好相性です。</p>
<h3>商品仕様</h3>
<table><tbody><tr><th>種類</th><td>本醸造</td></tr><tr><th>アルコール度数</th><td>15度</td></tr><tr><th>精米歩合</th><td>65%</td></tr><tr><th>原材料名</th><td>米（国産）、米麹（国産米）、醸造アルコール</td></tr><tr><th>内容量</th><td>720ml / 1800ml</td></tr><tr><th>製造元</th><td>金井酒造店（神奈川県秦野市）</td></tr></tbody></table>
<h3>よくあるご質問</h3><dl><dt>おすすめの飲み方は？</dt><dd>冷やから燗まで温度を選ばずお楽しみいただけます。</dd><dt>どんな料理に合いますか？</dt><dd>焼き魚や煮物、だしの効いた和食をはじめ、和食全般と好相性です。</dd><dt>保存方法は？</dt><dd>直射日光を避け、冷暗所で保管してください。開栓後はお早めにお召し上がりください。</dd></dl>",本醸造,15,65,米（国産）、米麹（国産米）、醸造アルコール,720ml / 1800ml,やや淡麗辛口,"[""冷や"", ""常温"", ""燗""]",焼き魚、煮物、だしの効いた和食,4,2,2,3,5
25,白笹鼓 原酒「笹の露」,"<h2>白笹鼓 原酒「笹の露」</h2>
<p>「白笹鼓 原酒「笹の露」」は、神奈川県秦野市の金井酒造店が、環境省「全国名水百選」に選ばれた丹沢山系の伏流水で醸す原酒です。精米歩合65%・アルコール度数18度。濃厚で辛口。飲み口はおだやかで丸みがあり、青竹かライムのような香りが口いっぱいに広がります。 根強いご愛飲者様の多い30年来のロングセラーです。日本酒カクテルのベースとしてもお薦め。</p>
<h3>味わいチャート</h3>
<table style=""border-collapse:collapse;width:100%;max-width:440px;font-size:13px;line-height:1.4;""><tbody>
<tr><td style=""padding:5px 6px;white-space:nowrap;color:#555;"">甘口</td><td style=""padding:5px 6px;width:100%;""><div style=""background:#ece7dd;border-radius:6px;height:12px;""><div style=""background:#9c6b1f;width:80%;height:12px;border-radius:6px;""></div></div></td><td style=""padding:5px 6px;white-space:nowrap;color:#555;"">辛口 <strong>4/5</strong></td></tr>
<tr><td style=""padding:5px 6px;white-space:nowrap;color:#555;"">淡麗</td><td style=""padding:5px 6px;width:100%;""><div style=""background:#ece7dd;border-radius:6px;height:12px;""><div style=""background:#9c6b1f;width:80%;height:12px;border-radius:6px;""></div></div></td><td style=""padding:5px 6px;white-space:nowrap;color:#555;"">濃醇 <strong>4/5</strong></td></tr>
<tr><td style=""padding:5px 6px;white-space:nowrap;color:#555;"">穏やか</td><td style=""padding:5px 6px;width:100%;""><div style=""background:#ece7dd;border-radius:6px;height:12px;""><div style=""background:#9c6b1f;width:40%;height:12px;border-radius:6px;""></div></div></td><td style=""padding:5px 6px;white-space:nowrap;color:#555;"">華やか <strong>2/5</strong></td></tr>
<tr><td style=""padding:5px 6px;white-space:nowrap;color:#555;"">おだやか</td><td style=""padding:5px 6px;width:100%;""><div style=""background:#ece7dd;border-radius:6px;height:12px;""><div style=""background:#9c6b1f;width:60%;height:12px;border-radius:6px;""></div></div></td><td style=""padding:5px 6px;white-space:nowrap;color:#555;"">酸味 <strong>3/5</strong></td></tr>
<tr><td style=""padding:5px 6px;white-space:nowrap;color:#555;"">まろやか</td><td style=""padding:5px 6px;width:100%;""><div style=""background:#ece7dd;border-radius:6px;height:12px;""><div style=""background:#9c6b1f;width:80%;height:12px;border-radius:6px;""></div></div></td><td style=""padding:5px 6px;white-space:nowrap;color:#555;"">キレ <strong>4/5</strong></td></tr>
</tbody></table>
<p style=""font-size:12px;color:#888;"">※甘辛・濃淡・香り・酸味・キレを5段階で表示しています。</p>
<h3>おすすめの飲み方・相性料理</h3>
<p>冷やまたはロックでお楽しみいただけます。焼き魚や煮物などだしの効いた和食と好相性です。</p>
<h3>商品仕様</h3>
<table><tbody><tr><th>種類</th><td>原酒</td></tr><tr><th>アルコール度数</th><td>18度</td></tr><tr><th>精米歩合</th><td>65%</td></tr><tr><th>原材料名</th><td>米（国産）、米麹（国産米）、醸造アルコール</td></tr><tr><th>内容量</th><td>720ml / 1800ml</td></tr><tr><th>製造元</th><td>金井酒造店（神奈川県秦野市）</td></tr></tbody></table>
<h3>よくあるご質問</h3><dl><dt>おすすめの飲み方は？</dt><dd>冷やまたはロックでお楽しみいただけます。</dd><dt>どんな料理に合いますか？</dt><dd>焼き魚や煮物、だしの効いた和食をはじめ、和食全般と好相性です。</dd><dt>保存方法は？</dt><dd>直射日光を避け、冷暗所で保管してください。開栓後はお早めにお召し上がりください。</dd></dl>",原酒,18,65,米（国産）、米麹（国産米）、醸造アルコール,720ml / 1800ml,濃醇旨口,"[""冷や"", ""ロック""]",焼き魚、煮物、だしの効いた和食,4,4,2,3,4
27,白笹鼓 謹醸 720ml,"<h2>白笹鼓 謹醸 720ml</h2>
<p>「白笹鼓 謹醸 720ml」は、神奈川県秦野市の金井酒造店が、環境省「全国名水百選」に選ばれた丹沢山系の伏流水で醸す普通酒です。</p>
<h3>味わいチャート</h3>
<table style=""border-collapse:collapse;width:100%;max-width:440px;font-size:13px;line-height:1.4;""><tbody>
<tr><td style=""padding:5px 6px;white-space:nowrap;color:#555;"">甘口</td><td style=""padding:5px 6px;width:100%;""><div style=""background:#ece7dd;border-radius:6px;height:12px;""><div style=""background:#9c6b1f;width:100%;height:12px;border-radius:6px;""></div></div></td><td style=""padding:5px 6px;white-space:nowrap;color:#555;"">辛口 <strong>5/5</strong></td></tr>
<tr><td style=""padding:5px 6px;white-space:nowrap;color:#555;"">淡麗</td><td style=""padding:5px 6px;width:100%;""><div style=""background:#ece7dd;border-radius:6px;height:12px;""><div style=""background:#9c6b1f;width:80%;height:12px;border-radius:6px;""></div></div></td><td style=""padding:5px 6px;white-space:nowrap;color:#555;"">濃醇 <strong>4/5</strong></td></tr>
<tr><td style=""padding:5px 6px;white-space:nowrap;color:#555;"">穏やか</td><td style=""padding:5px 6px;width:100%;""><div style=""background:#ece7dd;border-radius:6px;height:12px;""><div style=""background:#9c6b1f;width:40%;height:12px;border-radius:6px;""></div></div></td><td style=""padding:5px 6px;white-space:nowrap;color:#555;"">華やか <strong>2/5</strong></td></tr>
<tr><td style=""padding:5px 6px;white-space:nowrap;color:#555;"">おだやか</td><td style=""padding:5px 6px;width:100%;""><div style=""background:#ece7dd;border-radius:6px;height:12px;""><div style=""background:#9c6b1f;width:60%;height:12px;border-radius:6px;""></div></div></td><td style=""padding:5px 6px;white-space:nowrap;color:#555;"">酸味 <strong>3/5</strong></td></tr>
<tr><td style=""padding:5px 6px;white-space:nowrap;color:#555;"">まろやか</td><td style=""padding:5px 6px;width:100%;""><div style=""background:#ece7dd;border-radius:6px;height:12px;""><div style=""background:#9c6b1f;width:80%;height:12px;border-radius:6px;""></div></div></td><td style=""padding:5px 6px;white-space:nowrap;color:#555;"">キレ <strong>4/5</strong></td></tr>
</tbody></table>
<p style=""font-size:12px;color:#888;"">※甘辛・濃淡・香り・酸味・キレを5段階で表示しています。</p>
<h3>おすすめの飲み方・相性料理</h3>
<p>冷やから燗まで温度を選ばずお楽しみいただけます。焼き魚や煮物などだしの効いた和食と好相性です。</p>
<h3>商品仕様</h3>
<table><tbody><tr><th>種類</th><td>普通酒</td></tr><tr><th>製造元</th><td>金井酒造店（神奈川県秦野市）</td></tr></tbody></table>
<h3>よくあるご質問</h3><dl><dt>おすすめの飲み方は？</dt><dd>冷やから燗まで温度を選ばずお楽しみいただけます。</dd><dt>どんな料理に合いますか？</dt><dd>焼き魚や煮物、だしの効いた和食をはじめ、和食全般と好相性です。</dd><dt>保存方法は？</dt><dd>直射日光を避け、冷暗所で保管してください。開栓後はお早めにお召し上がりください。</dd></dl>",普通酒,,,,,旨口,"[""冷や"", ""常温"", ""燗""]",焼き魚、煮物、だしの効いた和食,5,4,2,3,4
28,"白笹鼓 謹醸 1,800ml","<h2>白笹鼓 謹醸 1,800ml</h2>
<p>「白笹鼓 謹醸 1,800ml」は、神奈川県秦野市の金井酒造店が、環境省「全国名水百選」に選ばれた丹沢山系の伏流水で醸す本醸造です。精米歩合60%・アルコール度数18度。R3BY（令和３年度醸造）の本醸造 生酒です。 リンゴのようなほのかな甘い香りのなかに、ビターさが加わった、奥深い味わい。後味はピリッとすっきり締まる爽快感が心地よい御酒です。生ならではの、熟成した味わいをお楽しみいただきたく、本数限定で販売いたします。 ※生酒 通常、酵素の働きをとめ、酒質の変化を防止するためにおこなう貯蔵前、瓶詰め前の火入れをしていない、フレッシュな味わいの御酒です。</p>
<h3>味わいチャート</h3>
<table style=""border-collapse:collapse;width:100%;max-width:440px;font-size:13px;line-height:1.4;""><tbody>
<tr><td style=""padding:5px 6px;white-space:nowrap;color:#555;"">甘口</td><td style=""padding:5px 6px;width:100%;""><div style=""background:#ece7dd;border-radius:6px;height:12px;""><div style=""background:#9c6b1f;width:60%;height:12px;border-radius:6px;""></div></div></td><td style=""padding:5px 6px;white-space:nowrap;color:#555;"">辛口 <strong>3/5</strong></td></tr>
<tr><td style=""padding:5px 6px;white-space:nowrap;color:#555;"">淡麗</td><td style=""padding:5px 6px;width:100%;""><div style=""background:#ece7dd;border-radius:6px;height:12px;""><div style=""background:#9c6b1f;width:60%;height:12px;border-radius:6px;""></div></div></td><td style=""padding:5px 6px;white-space:nowrap;color:#555;"">濃醇 <strong>3/5</strong></td></tr>
<tr><td style=""padding:5px 6px;white-space:nowrap;color:#555;"">穏やか</td><td style=""padding:5px 6px;width:100%;""><div style=""background:#ece7dd;border-radius:6px;height:12px;""><div style=""background:#9c6b1f;width:40%;height:12px;border-radius:6px;""></div></div></td><td style=""padding:5px 6px;white-space:nowrap;color:#555;"">華やか <strong>2/5</strong></td></tr>
<tr><td style=""padding:5px 6px;white-space:nowrap;color:#555;"">おだやか</td><td style=""padding:5px 6px;width:100%;""><div style=""background:#ece7dd;border-radius:6px;height:12px;""><div style=""background:#9c6b1f;width:60%;height:12px;border-radius:6px;""></div></div></td><td style=""padding:5px 6px;white-space:nowrap;color:#555;"">酸味 <strong>3/5</strong></td></tr>
<tr><td style=""padding:5px 6px;white-space:nowrap;color:#555;"">まろやか</td><td style=""padding:5px 6px;width:100%;""><div style=""background:#ece7dd;border-radius:6px;height:12px;""><div style=""background:#9c6b1f;width:40%;height:12px;border-radius:6px;""></div></div></td><td style=""padding:5px 6px;white-space:nowrap;color:#555;"">キレ <strong>2/5</strong></td></tr>
</tbody></table>
<p style=""font-size:12px;color:#888;"">※甘辛・濃淡・香り・酸味・キレを5段階で表示しています。</p>
<h3>おすすめの飲み方・相性料理</h3>
<p>冷やから燗まで温度を選ばずお楽しみいただけます。焼き魚や煮物などだしの効いた和食と好相性です。</p>
<h3>商品仕様</h3>
<table><tbody><tr><th>種類</th><td>本醸造</td></tr><tr><th>アルコール度数</th><td>18度</td></tr><tr><th>精米歩合</th><td>60%</td></tr><tr><th>原材料名</th><td>米（国産）、米麹（国産米）、醸造アルコール</td></tr><tr><th>内容量</th><td>1,800ml</td></tr><tr><th>製造元</th><td>金井酒造店（神奈川県秦野市）</td></tr></tbody></table>
<h3>よくあるご質問</h3><dl><dt>おすすめの飲み方は？</dt><dd>冷やから燗まで温度を選ばずお楽しみいただけます。</dd><dt>どんな料理に合いますか？</dt><dd>焼き魚や煮物、だしの効いた和食をはじめ、和食全般と好相性です。</dd><dt>保存方法は？</dt><dd>直射日光を避け、冷暗所で保管してください。開栓後はお早めにお召し上がりください。</dd></dl>",本醸造,18,60,米（国産）、米麹（国産米）、醸造アルコール,"1,800ml",旨口,"[""冷や"", ""常温"", ""燗""]",焼き魚、煮物、だしの効いた和食,3,3,2,3,2
29,白笹鼓 謹醸 300ml,"<h2>白笹鼓 謹醸 300ml</h2>
<p>「白笹鼓 謹醸 300ml」は、神奈川県秦野市の金井酒造店が、環境省「全国名水百選」に選ばれた丹沢山系の伏流水で醸す普通酒です。</p>
<h3>味わいチャート</h3>
<table style=""border-collapse:collapse;width:100%;max-width:440px;font-size:13px;line-height:1.4;""><tbody>
<tr><td style=""padding:5px 6px;white-space:nowrap;color:#555;"">甘口</td><td style=""padding:5px 6px;width:100%;""><div style=""background:#ece7dd;border-radius:6px;height:12px;""><div style=""background:#9c6b1f;width:100%;height:12px;border-radius:6px;""></div></div></td><td style=""padding:5px 6px;white-space:nowrap;color:#555;"">辛口 <strong>5/5</strong></td></tr>
<tr><td style=""padding:5px 6px;white-space:nowrap;color:#555;"">淡麗</td><td style=""padding:5px 6px;width:100%;""><div style=""background:#ece7dd;border-radius:6px;height:12px;""><div style=""background:#9c6b1f;width:80%;height:12px;border-radius:6px;""></div></div></td><td style=""padding:5px 6px;white-space:nowrap;color:#555;"">濃醇 <strong>4/5</strong></td></tr>
<tr><td style=""padding:5px 6px;white-space:nowrap;color:#555;"">穏やか</td><td style=""padding:5px 6px;width:100%;""><div style=""background:#ece7dd;border-radius:6px;height:12px;""><div style=""background:#9c6b1f;width:40%;height:12px;border-radius:6px;""></div></div></td><td style=""padding:5px 6px;white-space:nowrap;color:#555;"">華やか <strong>2/5</strong></td></tr>
<tr><td style=""padding:5px 6px;white-space:nowrap;color:#555;"">おだやか</td><td style=""padding:5px 6px;width:100%;""><div style=""background:#ece7dd;border-radius:6px;height:12px;""><div style=""background:#9c6b1f;width:60%;height:12px;border-radius:6px;""></div></div></td><td style=""padding:5px 6px;white-space:nowrap;color:#555;"">酸味 <strong>3/5</strong></td></tr>
<tr><td style=""padding:5px 6px;white-space:nowrap;color:#555;"">まろやか</td><td style=""padding:5px 6px;width:100%;""><div style=""background:#ece7dd;border-radius:6px;height:12px;""><div style=""background:#9c6b1f;width:80%;height:12px;border-radius:6px;""></div></div></td><td style=""padding:5px 6px;white-space:nowrap;color:#555;"">キレ <strong>4/5</strong></td></tr>
</tbody></table>
<p style=""font-size:12px;color:#888;"">※甘辛・濃淡・香り・酸味・キレを5段階で表示しています。</p>
<h3>おすすめの飲み方・相性料理</h3>
<p>冷やから燗まで温度を選ばずお楽しみいただけます。焼き魚や煮物などだしの効いた和食と好相性です。</p>
<h3>商品仕様</h3>
<table><tbody><tr><th>種類</th><td>普通酒</td></tr><tr><th>製造元</th><td>金井酒造店（神奈川県秦野市）</td></tr></tbody></table>
<h3>よくあるご質問</h3><dl><dt>おすすめの飲み方は？</dt><dd>冷やから燗まで温度を選ばずお楽しみいただけます。</dd><dt>どんな料理に合いますか？</dt><dd>焼き魚や煮物、だしの効いた和食をはじめ、和食全般と好相性です。</dd><dt>保存方法は？</dt><dd>直射日光を避け、冷暗所で保管してください。開栓後はお早めにお召し上がりください。</dd></dl>",普通酒,,,,,旨口,"[""冷や"", ""常温"", ""燗""]",焼き魚、煮物、だしの効いた和食,5,4,2,3,4
30,"白笹鼓 樽酒 1,800ml","<h2>白笹鼓 樽酒 1,800ml</h2>
<p>「白笹鼓 樽酒 1,800ml」は、神奈川県秦野市の金井酒造店が、環境省「全国名水百選」に選ばれた丹沢山系の伏流水で醸す樽酒です。</p>
<h3>味わいチャート</h3>
<table style=""border-collapse:collapse;width:100%;max-width:440px;font-size:13px;line-height:1.4;""><tbody>
<tr><td style=""padding:5px 6px;white-space:nowrap;color:#555;"">甘口</td><td style=""padding:5px 6px;width:100%;""><div style=""background:#ece7dd;border-radius:6px;height:12px;""><div style=""background:#9c6b1f;width:100%;height:12px;border-radius:6px;""></div></div></td><td style=""padding:5px 6px;white-space:nowrap;color:#555;"">辛口 <strong>5/5</strong></td></tr>
<tr><td style=""padding:5px 6px;white-space:nowrap;color:#555;"">淡麗</td><td style=""padding:5px 6px;width:100%;""><div style=""background:#ece7dd;border-radius:6px;height:12px;""><div style=""background:#9c6b1f;width:60%;height:12px;border-radius:6px;""></div></div></td><td style=""padding:5px 6px;white-space:nowrap;color:#555;"">濃醇 <strong>3/5</strong></td></tr>
<tr><td style=""padding:5px 6px;white-space:nowrap;color:#555;"">穏やか</td><td style=""padding:5px 6px;width:100%;""><div style=""background:#ece7dd;border-radius:6px;height:12px;""><div style=""background:#9c6b1f;width:40%;height:12px;border-radius:6px;""></div></div></td><td style=""padding:5px 6px;white-space:nowrap;color:#555;"">華やか <strong>2/5</strong></td></tr>
<tr><td style=""padding:5px 6px;white-space:nowrap;color:#555;"">おだやか</td><td style=""padding:5px 6px;width:100%;""><div style=""background:#ece7dd;border-radius:6px;height:12px;""><div style=""background:#9c6b1f;width:40%;height:12px;border-radius:6px;""></div></div></td><td style=""padding:5px 6px;white-space:nowrap;color:#555;"">酸味 <strong>2/5</strong></td></tr>
<tr><td style=""padding:5px 6px;white-space:nowrap;color:#555;"">まろやか</td><td style=""padding:5px 6px;width:100%;""><div style=""background:#ece7dd;border-radius:6px;height:12px;""><div style=""background:#9c6b1f;width:80%;height:12px;border-radius:6px;""></div></div></td><td style=""padding:5px 6px;white-space:nowrap;color:#555;"">キレ <strong>4/5</strong></td></tr>
</tbody></table>
<p style=""font-size:12px;color:#888;"">※甘辛・濃淡・香り・酸味・キレを5段階で表示しています。</p>
<h3>おすすめの飲み方・相性料理</h3>
<p>冷やから常温でお楽しみいただけます。焼き魚や煮物などだしの効いた和食と好相性です。</p>
<h3>商品仕様</h3>
<table><tbody><tr><th>種類</th><td>樽酒</td></tr><tr><th>製造元</th><td>金井酒造店（神奈川県秦野市）</td></tr></tbody></table>
<h3>よくあるご質問</h3><dl><dt>おすすめの飲み方は？</dt><dd>冷やから常温でお楽しみいただけます。</dd><dt>どんな料理に合いますか？</dt><dd>焼き魚や煮物、だしの効いた和食をはじめ、和食全般と好相性です。</dd><dt>保存方法は？</dt><dd>直射日光を避け、冷暗所で保管してください。開栓後はお早めにお召し上がりください。</dd></dl>",樽酒,,,,,辛口,"[""冷や"", ""常温""]",焼き魚、煮物、だしの効いた和食,5,3,2,2,4
32,白笹鼓 生貯蔵「弘法山」300ml,"<h2>白笹鼓 生貯蔵「弘法山」300ml</h2>
<p>「白笹鼓 生貯蔵「弘法山」300ml」は、神奈川県秦野市の金井酒造店が、環境省「全国名水百選」に選ばれた丹沢山系の伏流水で醸す生貯蔵です。</p>
<h3>味わいチャート</h3>
<table style=""border-collapse:collapse;width:100%;max-width:440px;font-size:13px;line-height:1.4;""><tbody>
<tr><td style=""padding:5px 6px;white-space:nowrap;color:#555;"">甘口</td><td style=""padding:5px 6px;width:100%;""><div style=""background:#ece7dd;border-radius:6px;height:12px;""><div style=""background:#9c6b1f;width:80%;height:12px;border-radius:6px;""></div></div></td><td style=""padding:5px 6px;white-space:nowrap;color:#555;"">辛口 <strong>4/5</strong></td></tr>
<tr><td style=""padding:5px 6px;white-space:nowrap;color:#555;"">淡麗</td><td style=""padding:5px 6px;width:100%;""><div style=""background:#ece7dd;border-radius:6px;height:12px;""><div style=""background:#9c6b1f;width:60%;height:12px;border-radius:6px;""></div></div></td><td style=""padding:5px 6px;white-space:nowrap;color:#555;"">濃醇 <strong>3/5</strong></td></tr>
<tr><td style=""padding:5px 6px;white-space:nowrap;color:#555;"">穏やか</td><td style=""padding:5px 6px;width:100%;""><div style=""background:#ece7dd;border-radius:6px;height:12px;""><div style=""background:#9c6b1f;width:40%;height:12px;border-radius:6px;""></div></div></td><td style=""padding:5px 6px;white-space:nowrap;color:#555;"">華やか <strong>2/5</strong></td></tr>
<tr><td style=""padding:5px 6px;white-space:nowrap;color:#555;"">おだやか</td><td style=""padding:5px 6px;width:100%;""><div style=""background:#ece7dd;border-radius:6px;height:12px;""><div style=""background:#9c6b1f;width:40%;height:12px;border-radius:6px;""></div></div></td><td style=""padding:5px 6px;white-space:nowrap;color:#555;"">酸味 <strong>2/5</strong></td></tr>
<tr><td style=""padding:5px 6px;white-space:nowrap;color:#555;"">まろやか</td><td style=""padding:5px 6px;width:100%;""><div style=""background:#ece7dd;border-radius:6px;height:12px;""><div style=""background:#9c6b1f;width:60%;height:12px;border-radius:6px;""></div></div></td><td style=""padding:5px 6px;white-space:nowrap;color:#555;"">キレ <strong>3/5</strong></td></tr>
</tbody></table>
<p style=""font-size:12px;color:#888;"">※甘辛・濃淡・香り・酸味・キレを5段階で表示しています。</p>
<h3>おすすめの飲み方・相性料理</h3>
<p>よく冷やして（5〜10℃）お楽しみいただけます。焼き魚や煮物などだしの効いた和食と好相性です。</p>
<h3>商品仕様</h3>
<table><tbody><tr><th>種類</th><td>生貯蔵</td></tr><tr><th>製造元</th><td>金井酒造店（神奈川県秦野市）</td></tr></tbody></table>
<h3>よくあるご質問</h3><dl><dt>おすすめの飲み方は？</dt><dd>よく冷やして（5〜10℃）お楽しみいただけます。</dd><dt>どんな料理に合いますか？</dt><dd>焼き魚や煮物、だしの効いた和食をはじめ、和食全般と好相性です。</dd><dt>保存方法は？</dt><dd>直射日光を避け、冷暗所で保管してください。開栓後はお早めにお召し上がりください。</dd></dl>",生貯蔵,,,,,やや辛口,"[""冷や""]",焼き魚、煮物、だしの効いた和食,4,3,2,2,3
34,しらささ 冷や酒 300ml,"<h2>しらささ 冷や酒 300ml</h2>
<p>「しらささ 冷や酒 300ml」は、神奈川県秦野市の金井酒造店が、環境省「全国名水百選」に選ばれた丹沢山系の伏流水で醸す普通酒です。</p>
<h3>味わいチャート</h3>
<table style=""border-collapse:collapse;width:100%;max-width:440px;font-size:13px;line-height:1.4;""><tbody>
<tr><td style=""padding:5px 6px;white-space:nowrap;color:#555;"">甘口</td><td style=""padding:5px 6px;width:100%;""><div style=""background:#ece7dd;border-radius:6px;height:12px;""><div style=""background:#9c6b1f;width:100%;height:12px;border-radius:6px;""></div></div></td><td style=""padding:5px 6px;white-space:nowrap;color:#555;"">辛口 <strong>5/5</strong></td></tr>
<tr><td style=""padding:5px 6px;white-space:nowrap;color:#555;"">淡麗</td><td style=""padding:5px 6px;width:100%;""><div style=""background:#ece7dd;border-radius:6px;height:12px;""><div style=""background:#9c6b1f;width:80%;height:12px;border-radius:6px;""></div></div></td><td style=""padding:5px 6px;white-space:nowrap;color:#555;"">濃醇 <strong>4/5</strong></td></tr>
<tr><td style=""padding:5px 6px;white-space:nowrap;color:#555;"">穏やか</td><td style=""padding:5px 6px;width:100%;""><div style=""background:#ece7dd;border-radius:6px;height:12px;""><div style=""background:#9c6b1f;width:40%;height:12px;border-radius:6px;""></div></div></td><td style=""padding:5px 6px;white-space:nowrap;color:#555;"">華やか <strong>2/5</strong></td></tr>
<tr><td style=""padding:5px 6px;white-space:nowrap;color:#555;"">おだやか</td><td style=""padding:5px 6px;width:100%;""><div style=""background:#ece7dd;border-radius:6px;height:12px;""><div style=""background:#9c6b1f;width:60%;height:12px;border-radius:6px;""></div></div></td><td style=""padding:5px 6px;white-space:nowrap;color:#555;"">酸味 <strong>3/5</strong></td></tr>
<tr><td style=""padding:5px 6px;white-space:nowrap;color:#555;"">まろやか</td><td style=""padding:5px 6px;width:100%;""><div style=""background:#ece7dd;border-radius:6px;height:12px;""><div style=""background:#9c6b1f;width:80%;height:12px;border-radius:6px;""></div></div></td><td style=""padding:5px 6px;white-space:nowrap;color:#555;"">キレ <strong>4/5</strong></td></tr>
</tbody></table>
<p style=""font-size:12px;color:#888;"">※甘辛・濃淡・香り・酸味・キレを5段階で表示しています。</p>
<h3>おすすめの飲み方・相性料理</h3>
<p>冷やから燗まで温度を選ばずお楽しみいただけます。焼き魚や煮物などだしの効いた和食と好相性です。</p>
<h3>商品仕様</h3>
<table><tbody><tr><th>種類</th><td>普通酒</td></tr><tr><th>製造元</th><td>金井酒造店（神奈川県秦野市）</td></tr></tbody></table>
<h3>よくあるご質問</h3><dl><dt>おすすめの飲み方は？</dt><dd>冷やから燗まで温度を選ばずお楽しみいただけます。</dd><dt>どんな料理に合いますか？</dt><dd>焼き魚や煮物、だしの効いた和食をはじめ、和食全般と好相性です。</dd><dt>保存方法は？</dt><dd>直射日光を避け、冷暗所で保管してください。開栓後はお早めにお召し上がりください。</dd></dl>",普通酒,,,,,やや淡麗旨口,"[""冷や"", ""常温"", ""燗""]",焼き魚、煮物、だしの効いた和食,5,4,2,3,4
35,しらささ 冷や酒 720ml,"<h2>しらささ 冷や酒 720ml</h2>
<p>「しらささ 冷や酒 720ml」は、神奈川県秦野市の金井酒造店が、環境省「全国名水百選」に選ばれた丹沢山系の伏流水で醸す普通酒です。</p>
<h3>味わいチャート</h3>
<table style=""border-collapse:collapse;width:100%;max-width:440px;font-size:13px;line-height:1.4;""><tbody>
<tr><td style=""padding:5px 6px;white-space:nowrap;color:#555;"">甘口</td><td style=""padding:5px 6px;width:100%;""><div style=""background:#ece7dd;border-radius:6px;height:12px;""><div style=""background:#9c6b1f;width:100%;height:12px;border-radius:6px;""></div></div></td><td style=""padding:5px 6px;white-space:nowrap;color:#555;"">辛口 <strong>5/5</strong></td></tr>
<tr><td style=""padding:5px 6px;white-space:nowrap;color:#555;"">淡麗</td><td style=""padding:5px 6px;width:100%;""><div style=""background:#ece7dd;border-radius:6px;height:12px;""><div style=""background:#9c6b1f;width:80%;height:12px;border-radius:6px;""></div></div></td><td style=""padding:5px 6px;white-space:nowrap;color:#555;"">濃醇 <strong>4/5</strong></td></tr>
<tr><td style=""padding:5px 6px;white-space:nowrap;color:#555;"">穏やか</td><td style=""padding:5px 6px;width:100%;""><div style=""background:#ece7dd;border-radius:6px;height:12px;""><div style=""background:#9c6b1f;width:40%;height:12px;border-radius:6px;""></div></div></td><td style=""padding:5px 6px;white-space:nowrap;color:#555;"">華やか <strong>2/5</strong></td></tr>
<tr><td style=""padding:5px 6px;white-space:nowrap;color:#555;"">おだやか</td><td style=""padding:5px 6px;width:100%;""><div style=""background:#ece7dd;border-radius:6px;height:12px;""><div style=""background:#9c6b1f;width:60%;height:12px;border-radius:6px;""></div></div></td><td style=""padding:5px 6px;white-space:nowrap;color:#555;"">酸味 <strong>3/5</strong></td></tr>
<tr><td style=""padding:5px 6px;white-space:nowrap;color:#555;"">まろやか</td><td style=""padding:5px 6px;width:100%;""><div style=""background:#ece7dd;border-radius:6px;height:12px;""><div style=""background:#9c6b1f;width:80%;height:12px;border-radius:6px;""></div></div></td><td style=""padding:5px 6px;white-space:nowrap;color:#555;"">キレ <strong>4/5</strong></td></tr>
</tbody></table>
<p style=""font-size:12px;color:#888;"">※甘辛・濃淡・香り・酸味・キレを5段階で表示しています。</p>
<h3>おすすめの飲み方・相性料理</h3>
<p>冷やから燗まで温度を選ばずお楽しみいただけます。焼き魚や煮物などだしの効いた和食と好相性です。</p>
<h3>商品仕様</h3>
<table><tbody><tr><th>種類</th><td>普通酒</td></tr><tr><th>製造元</th><td>金井酒造店（神奈川県秦野市）</td></tr></tbody></table>
<h3>よくあるご質問</h3><dl><dt>おすすめの飲み方は？</dt><dd>冷やから燗まで温度を選ばずお楽しみいただけます。</dd><dt>どんな料理に合いますか？</dt><dd>焼き魚や煮物、だしの効いた和食をはじめ、和食全般と好相性です。</dd><dt>保存方法は？</dt><dd>直射日光を避け、冷暗所で保管してください。開栓後はお早めにお召し上がりください。</dd></dl>",普通酒,,,,,やや淡麗旨口,"[""冷や"", ""常温"", ""燗""]",焼き魚、煮物、だしの効いた和食,5,4,2,3,4
36,白笹鼓 本醸造生貯蔵酒 300ml,"<h2>白笹鼓 本醸造生貯蔵酒 300ml</h2>
<p>「白笹鼓 本醸造生貯蔵酒 300ml」は、神奈川県秦野市の金井酒造店が、環境省「全国名水百選」に選ばれた丹沢山系の伏流水で醸す生貯蔵です。</p>
<h3>味わいチャート</h3>
<table style=""border-collapse:collapse;width:100%;max-width:440px;font-size:13px;line-height:1.4;""><tbody>
<tr><td style=""padding:5px 6px;white-space:nowrap;color:#555;"">甘口</td><td style=""padding:5px 6px;width:100%;""><div style=""background:#ece7dd;border-radius:6px;height:12px;""><div style=""background:#9c6b1f;width:100%;height:12px;border-radius:6px;""></div></div></td><td style=""padding:5px 6px;white-space:nowrap;color:#555;"">辛口 <strong>5/5</strong></td></tr>
<tr><td style=""padding:5px 6px;white-space:nowrap;color:#555;"">淡麗</td><td style=""padding:5px 6px;width:100%;""><div style=""background:#ece7dd;border-radius:6px;height:12px;""><div style=""background:#9c6b1f;width:80%;height:12px;border-radius:6px;""></div></div></td><td style=""padding:5px 6px;white-space:nowrap;color:#555;"">濃醇 <strong>4/5</strong></td></tr>
<tr><td style=""padding:5px 6px;white-space:nowrap;color:#555;"">穏やか</td><td style=""padding:5px 6px;width:100%;""><div style=""background:#ece7dd;border-radius:6px;height:12px;""><div style=""background:#9c6b1f;width:40%;height:12px;border-radius:6px;""></div></div></td><td style=""padding:5px 6px;white-space:nowrap;color:#555;"">華やか <strong>2/5</strong></td></tr>
<tr><td style=""padding:5px 6px;white-space:nowrap;color:#555;"">おだやか</td><td style=""padding:5px 6px;width:100%;""><div style=""background:#ece7dd;border-radius:6px;height:12px;""><div style=""background:#9c6b1f;width:60%;height:12px;border-radius:6px;""></div></div></td><td style=""padding:5px 6px;white-space:nowrap;color:#555;"">酸味 <strong>3/5</strong></td></tr>
<tr><td style=""padding:5px 6px;white-space:nowrap;color:#555;"">まろやか</td><td style=""padding:5px 6px;width:100%;""><div style=""background:#ece7dd;border-radius:6px;height:12px;""><div style=""background:#9c6b1f;width:80%;height:12px;border-radius:6px;""></div></div></td><td style=""padding:5px 6px;white-space:nowrap;color:#555;"">キレ <strong>4/5</strong></td></tr>
</tbody></table>
<p style=""font-size:12px;color:#888;"">※甘辛・濃淡・香り・酸味・キレを5段階で表示しています。</p>
<h3>おすすめの飲み方・相性料理</h3>
<p>よく冷やして（5〜10℃）お楽しみいただけます。焼き魚や煮物などだしの効いた和食と好相性です。</p>
<h3>商品仕様</h3>
<table><tbody><tr><th>種類</th><td>生貯蔵</td></tr><tr><th>製造元</th><td>金井酒造店（神奈川県秦野市）</td></tr></tbody></table>
<h3>よくあるご質問</h3><dl><dt>おすすめの飲み方は？</dt><dd>よく冷やして（5〜10℃）お楽しみいただけます。</dd><dt>どんな料理に合いますか？</dt><dd>焼き魚や煮物、だしの効いた和食をはじめ、和食全般と好相性です。</dd><dt>保存方法は？</dt><dd>直射日光を避け、冷暗所で保管してください。開栓後はお早めにお召し上がりください。</dd></dl>",生貯蔵,,,,,辛口,"[""冷や""]",焼き魚、煮物、だしの効いた和食,5,4,2,3,4
44,白笹鼓 特別純米酒「妖怪 アマビエ」720ml,"<h2>白笹鼓 特別純米酒「妖怪 アマビエ」720ml</h2>
<p>「白笹鼓 特別純米酒「妖怪 アマビエ」720ml」は、神奈川県秦野市の金井酒造店が、環境省「全国名水百選」に選ばれた丹沢山系の伏流水で醸す特別純米です。</p>
<h3>味わいチャート</h3>
<table style=""border-collapse:collapse;width:100%;max-width:440px;font-size:13px;line-height:1.4;""><tbody>
<tr><td style=""padding:5px 6px;white-space:nowrap;color:#555;"">甘口</td><td style=""padding:5px 6px;width:100%;""><div style=""background:#ece7dd;border-radius:6px;height:12px;""><div style=""background:#9c6b1f;width:80%;height:12px;border-radius:6px;""></div></div></td><td style=""padding:5px 6px;white-space:nowrap;color:#555;"">辛口 <strong>4/5</strong></td></tr>
<tr><td style=""padding:5px 6px;white-space:nowrap;color:#555;"">淡麗</td><td style=""padding:5px 6px;width:100%;""><div style=""background:#ece7dd;border-radius:6px;height:12px;""><div style=""background:#9c6b1f;width:80%;height:12px;border-radius:6px;""></div></div></td><td style=""padding:5px 6px;white-space:nowrap;color:#555;"">濃醇 <strong>4/5</strong></td></tr>
<tr><td style=""padding:5px 6px;white-space:nowrap;color:#555;"">穏やか</td><td style=""padding:5px 6px;width:100%;""><div style=""background:#ece7dd;border-radius:6px;height:12px;""><div style=""background:#9c6b1f;width:80%;height:12px;border-radius:6px;""></div></div></td><td style=""padding:5px 6px;white-space:nowrap;color:#555;"">華やか <strong>4/5</strong></td></tr>
<tr><td style=""padding:5px 6px;white-space:nowrap;color:#555;"">おだやか</td><td style=""padding:5px 6px;width:100%;""><div style=""background:#ece7dd;border-radius:6px;height:12px;""><div style=""background:#9c6b1f;width:80%;height:12px;border-radius:6px;""></div></div></td><td style=""padding:5px 6px;white-space:nowrap;color:#555;"">酸味 <strong>4/5</strong></td></tr>
<tr><td style=""padding:5px 6px;white-space:nowrap;color:#555;"">まろやか</td><td style=""padding:5px 6px;width:100%;""><div style=""background:#ece7dd;border-radius:6px;height:12px;""><div style=""background:#9c6b1f;width:80%;height:12px;border-radius:6px;""></div></div></td><td style=""padding:5px 6px;white-space:nowrap;color:#555;"">キレ <strong>4/5</strong></td></tr>
</tbody></table>
<p style=""font-size:12px;color:#888;"">※甘辛・濃淡・香り・酸味・キレを5段階で表示しています。</p>
<h3>おすすめの飲み方・相性料理</h3>
<p>冷やから常温、ぬる燗までお楽しみいただけます。焼き魚や煮物などだしの効いた和食と好相性です。</p>
<h3>商品仕様</h3>
<table><tbody><tr><th>種類</th><td>特別純米</td></tr><tr><th>製造元</th><td>金井酒造店（神奈川県秦野市）</td></tr></tbody></table>
<h3>よくあるご質問</h3><dl><dt>おすすめの飲み方は？</dt><dd>冷やから常温、ぬる燗までお楽しみいただけます。</dd><dt>どんな料理に合いますか？</dt><dd>焼き魚や煮物、だしの効いた和食をはじめ、和食全般と好相性です。</dd><dt>保存方法は？</dt><dd>直射日光を避け、冷暗所で保管してください。開栓後はお早めにお召し上がりください。</dd></dl>",特別純米,,,,,やや辛口,"[""冷や"", ""常温"", ""ぬる燗""]",焼き魚、煮物、だしの効いた和食,4,4,4,4,4
46,【秋季限定】白笹鼓 純米酒「丹沢のひやおろし」720ml,"<h2>【秋季限定】白笹鼓 純米酒「丹沢のひやおろし」720ml</h2>
<p>「【秋季限定】白笹鼓 純米酒「丹沢のひやおろし」720ml」は、神奈川県秦野市の金井酒造店が、環境省「全国名水百選」に選ばれた丹沢山系の伏流水で醸す純米です。</p>
<h3>味わいチャート</h3>
<table style=""border-collapse:collapse;width:100%;max-width:440px;font-size:13px;line-height:1.4;""><tbody>
<tr><td style=""padding:5px 6px;white-space:nowrap;color:#555;"">甘口</td><td style=""padding:5px 6px;width:100%;""><div style=""background:#ece7dd;border-radius:6px;height:12px;""><div style=""background:#9c6b1f;width:100%;height:12px;border-radius:6px;""></div></div></td><td style=""padding:5px 6px;white-space:nowrap;color:#555;"">辛口 <strong>5/5</strong></td></tr>
<tr><td style=""padding:5px 6px;white-space:nowrap;color:#555;"">淡麗</td><td style=""padding:5px 6px;width:100%;""><div style=""background:#ece7dd;border-radius:6px;height:12px;""><div style=""background:#9c6b1f;width:80%;height:12px;border-radius:6px;""></div></div></td><td style=""padding:5px 6px;white-space:nowrap;color:#555;"">濃醇 <strong>4/5</strong></td></tr>
<tr><td style=""padding:5px 6px;white-space:nowrap;color:#555;"">穏やか</td><td style=""padding:5px 6px;width:100%;""><div style=""background:#ece7dd;border-radius:6px;height:12px;""><div style=""background:#9c6b1f;width:60%;height:12px;border-radius:6px;""></div></div></td><td style=""padding:5px 6px;white-space:nowrap;color:#555;"">華やか <strong>3/5</strong></td></tr>
<tr><td style=""padding:5px 6px;white-space:nowrap;color:#555;"">おだやか</td><td style=""padding:5px 6px;width:100%;""><div style=""background:#ece7dd;border-radius:6px;height:12px;""><div style=""background:#9c6b1f;width:60%;height:12px;border-radius:6px;""></div></div></td><td style=""padding:5px 6px;white-space:nowrap;color:#555;"">酸味 <strong>3/5</strong></td></tr>
<tr><td style=""padding:5px 6px;white-space:nowrap;color:#555;"">まろやか</td><td style=""padding:5px 6px;width:100%;""><div style=""background:#ece7dd;border-radius:6px;height:12px;""><div style=""background:#9c6b1f;width:80%;height:12px;border-radius:6px;""></div></div></td><td style=""padding:5px 6px;white-space:nowrap;color:#555;"">キレ <strong>4/5</strong></td></tr>
</tbody></table>
<p style=""font-size:12px;color:#888;"">※甘辛・濃淡・香り・酸味・キレを5段階で表示しています。</p>
<h3>おすすめの飲み方・相性料理</h3>
<p>冷やから常温、ぬる燗までお楽しみいただけます。焼き魚や煮物などだしの効いた和食と好相性です。</p>
<h3>商品仕様</h3>
<table><tbody><tr><th>種類</th><td>純米</td></tr><tr><th>製造元</th><td>金井酒造店（神奈川県秦野市）</td></tr></tbody></table>
<h3>よくあるご質問</h3><dl><dt>おすすめの飲み方は？</dt><dd>冷やから常温、ぬる燗までお楽しみいただけます。</dd><dt>どんな料理に合いますか？</dt><dd>焼き魚や煮物、だしの効いた和食をはじめ、和食全般と好相性です。</dd><dt>保存方法は？</dt><dd>直射日光を避け、冷暗所で保管してください。開栓後はお早めにお召し上がりください。</dd></dl>",純米,,,,,辛口,"[""冷や"", ""常温"", ""ぬる燗""]",焼き魚、煮物、だしの効いた和食,5,4,3,3,4
47,"【秋季限定】白笹鼓 純米酒「丹沢のひやおろし」1,800ml","<h2>【秋季限定】白笹鼓 純米酒「丹沢のひやおろし」1,800ml</h2>
<p>「【秋季限定】白笹鼓 純米酒「丹沢のひやおろし」1,800ml」は、神奈川県秦野市の金井酒造店が、環境省「全国名水百選」に選ばれた丹沢山系の伏流水で醸す純米です。</p>
<h3>味わいチャート</h3>
<table style=""border-collapse:collapse;width:100%;max-width:440px;font-size:13px;line-height:1.4;""><tbody>
<tr><td style=""padding:5px 6px;white-space:nowrap;color:#555;"">甘口</td><td style=""padding:5px 6px;width:100%;""><div style=""background:#ece7dd;border-radius:6px;height:12px;""><div style=""background:#9c6b1f;width:100%;height:12px;border-radius:6px;""></div></div></td><td style=""padding:5px 6px;white-space:nowrap;color:#555;"">辛口 <strong>5/5</strong></td></tr>
<tr><td style=""padding:5px 6px;white-space:nowrap;color:#555;"">淡麗</td><td style=""padding:5px 6px;width:100%;""><div style=""background:#ece7dd;border-radius:6px;height:12px;""><div style=""background:#9c6b1f;width:80%;height:12px;border-radius:6px;""></div></div></td><td style=""padding:5px 6px;white-space:nowrap;color:#555;"">濃醇 <strong>4/5</strong></td></tr>
<tr><td style=""padding:5px 6px;white-space:nowrap;color:#555;"">穏やか</td><td style=""padding:5px 6px;width:100%;""><div style=""background:#ece7dd;border-radius:6px;height:12px;""><div style=""background:#9c6b1f;width:60%;height:12px;border-radius:6px;""></div></div></td><td style=""padding:5px 6px;white-space:nowrap;color:#555;"">華やか <strong>3/5</strong></td></tr>
<tr><td style=""padding:5px 6px;white-space:nowrap;color:#555;"">おだやか</td><td style=""padding:5px 6px;width:100%;""><div style=""background:#ece7dd;border-radius:6px;height:12px;""><div style=""background:#9c6b1f;width:60%;height:12px;border-radius:6px;""></div></div></td><td style=""padding:5px 6px;white-space:nowrap;color:#555;"">酸味 <strong>3/5</strong></td></tr>
<tr><td style=""padding:5px 6px;white-space:nowrap;color:#555;"">まろやか</td><td style=""padding:5px 6px;width:100%;""><div style=""background:#ece7dd;border-radius:6px;height:12px;""><div style=""background:#9c6b1f;width:80%;height:12px;border-radius:6px;""></div></div></td><td style=""padding:5px 6px;white-space:nowrap;color:#555;"">キレ <strong>4/5</strong></td></tr>
</tbody></table>
<p style=""font-size:12px;color:#888;"">※甘辛・濃淡・香り・酸味・キレを5段階で表示しています。</p>
<h3>おすすめの飲み方・相性料理</h3>
<p>冷やから常温、ぬる燗までお楽しみいただけます。焼き魚や煮物などだしの効いた和食と好相性です。</p>
<h3>商品仕様</h3>
<table><tbody><tr><th>種類</th><td>純米</td></tr><tr><th>製造元</th><td>金井酒造店（神奈川県秦野市）</td></tr></tbody></table>
<h3>よくあるご質問</h3><dl><dt>おすすめの飲み方は？</dt><dd>冷やから常温、ぬる燗までお楽しみいただけます。</dd><dt>どんな料理に合いますか？</dt><dd>焼き魚や煮物、だしの効いた和食をはじめ、和食全般と好相性です。</dd><dt>保存方法は？</dt><dd>直射日光を避け、冷暗所で保管してください。開栓後はお早めにお召し上がりください。</dd></dl>",純米,,,,,辛口,"[""冷や"", ""常温"", ""ぬる燗""]",焼き魚、煮物、だしの効いた和食,5,4,3,3,4
48,【秦野萌酒】白笹鼓 特別本醸造「いなり」720ml,"<h2>【秦野萌酒】白笹鼓 特別本醸造「いなり」720ml</h2>
<p>「【秦野萌酒】白笹鼓 特別本醸造「いなり」720ml」は、神奈川県秦野市の金井酒造店が、環境省「全国名水百選」に選ばれた丹沢山系の伏流水で醸す特別本醸造です。</p>
<h3>味わいチャート</h3>
<table style=""border-collapse:collapse;width:100%;max-width:440px;font-size:13px;line-height:1.4;""><tbody>
<tr><td style=""padding:5px 6px;white-space:nowrap;color:#555;"">甘口</td><td style=""padding:5px 6px;width:100%;""><div style=""background:#ece7dd;border-radius:6px;height:12px;""><div style=""background:#9c6b1f;width:100%;height:12px;border-radius:6px;""></div></div></td><td style=""padding:5px 6px;white-space:nowrap;color:#555;"">辛口 <strong>5/5</strong></td></tr>
<tr><td style=""padding:5px 6px;white-space:nowrap;color:#555;"">淡麗</td><td style=""padding:5px 6px;width:100%;""><div style=""background:#ece7dd;border-radius:6px;height:12px;""><div style=""background:#9c6b1f;width:80%;height:12px;border-radius:6px;""></div></div></td><td style=""padding:5px 6px;white-space:nowrap;color:#555;"">濃醇 <strong>4/5</strong></td></tr>
<tr><td style=""padding:5px 6px;white-space:nowrap;color:#555;"">穏やか</td><td style=""padding:5px 6px;width:100%;""><div style=""background:#ece7dd;border-radius:6px;height:12px;""><div style=""background:#9c6b1f;width:40%;height:12px;border-radius:6px;""></div></div></td><td style=""padding:5px 6px;white-space:nowrap;color:#555;"">華やか <strong>2/5</strong></td></tr>
<tr><td style=""padding:5px 6px;white-space:nowrap;color:#555;"">おだやか</td><td style=""padding:5px 6px;width:100%;""><div style=""background:#ece7dd;border-radius:6px;height:12px;""><div style=""background:#9c6b1f;width:80%;height:12px;border-radius:6px;""></div></div></td><td style=""padding:5px 6px;white-space:nowrap;color:#555;"">酸味 <strong>4/5</strong></td></tr>
<tr><td style=""padding:5px 6px;white-space:nowrap;color:#555;"">まろやか</td><td style=""padding:5px 6px;width:100%;""><div style=""background:#ece7dd;border-radius:6px;height:12px;""><div style=""background:#9c6b1f;width:80%;height:12px;border-radius:6px;""></div></div></td><td style=""padding:5px 6px;white-space:nowrap;color:#555;"">キレ <strong>4/5</strong></td></tr>
</tbody></table>
<p style=""font-size:12px;color:#888;"">※甘辛・濃淡・香り・酸味・キレを5段階で表示しています。</p>
<h3>おすすめの飲み方・相性料理</h3>
<p>冷やから燗まで温度を選ばずお楽しみいただけます。焼き魚や煮物などだしの効いた和食と好相性です。</p>
<h3>商品仕様</h3>
<table><tbody><tr><th>種類</th><td>特別本醸造</td></tr><tr><th>製造元</th><td>金井酒造店（神奈川県秦野市）</td></tr></tbody></table>
<h3>よくあるご質問</h3><dl><dt>おすすめの飲み方は？</dt><dd>冷やから燗まで温度を選ばずお楽しみいただけます。</dd><dt>どんな料理に合いますか？</dt><dd>焼き魚や煮物、だしの効いた和食をはじめ、和食全般と好相性です。</dd><dt>保存方法は？</dt><dd>直射日光を避け、冷暗所で保管してください。開栓後はお早めにお召し上がりください。</dd></dl>",特別本醸造,,,,,やや淡麗辛口,"[""冷や"", ""常温"", ""燗""]",焼き魚、煮物、だしの効いた和食,5,4,2,4,4
49,【秦野萌酒】白笹鼓 純米「いなり」720ml,"<h2>【秦野萌酒】白笹鼓 純米「いなり」720ml</h2>
<p>「【秦野萌酒】白笹鼓 純米「いなり」720ml」は、神奈川県秦野市の金井酒造店が、環境省「全国名水百選」に選ばれた丹沢山系の伏流水で醸す特別本醸造です。</p>
<h3>味わいチャート</h3>
<table style=""border-collapse:collapse;width:100%;max-width:440px;font-size:13px;line-height:1.4;""><tbody>
<tr><td style=""padding:5px 6px;white-space:nowrap;color:#555;"">甘口</td><td style=""padding:5px 6px;width:100%;""><div style=""background:#ece7dd;border-radius:6px;height:12px;""><div style=""background:#9c6b1f;width:80%;height:12px;border-radius:6px;""></div></div></td><td style=""padding:5px 6px;white-space:nowrap;color:#555;"">辛口 <strong>4/5</strong></td></tr>
<tr><td style=""padding:5px 6px;white-space:nowrap;color:#555;"">淡麗</td><td style=""padding:5px 6px;width:100%;""><div style=""background:#ece7dd;border-radius:6px;height:12px;""><div style=""background:#9c6b1f;width:80%;height:12px;border-radius:6px;""></div></div></td><td style=""padding:5px 6px;white-space:nowrap;color:#555;"">濃醇 <strong>4/5</strong></td></tr>
<tr><td style=""padding:5px 6px;white-space:nowrap;color:#555;"">穏やか</td><td style=""padding:5px 6px;width:100%;""><div style=""background:#ece7dd;border-radius:6px;height:12px;""><div style=""background:#9c6b1f;width:60%;height:12px;border-radius:6px;""></div></div></td><td style=""padding:5px 6px;white-space:nowrap;color:#555;"">華やか <strong>3/5</strong></td></tr>
<tr><td style=""padding:5px 6px;white-space:nowrap;color:#555;"">おだやか</td><td style=""padding:5px 6px;width:100%;""><div style=""background:#ece7dd;border-radius:6px;height:12px;""><div style=""background:#9c6b1f;width:80%;height:12px;border-radius:6px;""></div></div></td><td style=""padding:5px 6px;white-space:nowrap;color:#555;"">酸味 <strong>4/5</strong></td></tr>
<tr><td style=""padding:5px 6px;white-space:nowrap;color:#555;"">まろやか</td><td style=""padding:5px 6px;width:100%;""><div style=""background:#ece7dd;border-radius:6px;height:12px;""><div style=""background:#9c6b1f;width:60%;height:12px;border-radius:6px;""></div></div></td><td style=""padding:5px 6px;white-space:nowrap;color:#555;"">キレ <strong>3/5</strong></td></tr>
</tbody></table>
<p style=""font-size:12px;color:#888;"">※甘辛・濃淡・香り・酸味・キレを5段階で表示しています。</p>
<h3>おすすめの飲み方・相性料理</h3>
<p>冷やから燗まで温度を選ばずお楽しみいただけます。焼き魚や煮物などだしの効いた和食と好相性です。</p>
<h3>商品仕様</h3>
<table><tbody><tr><th>種類</th><td>特別本醸造</td></tr><tr><th>製造元</th><td>金井酒造店（神奈川県秦野市）</td></tr></tbody></table>
<h3>よくあるご質問</h3><dl><dt>おすすめの飲み方は？</dt><dd>冷やから燗まで温度を選ばずお楽しみいただけます。</dd><dt>どんな料理に合いますか？</dt><dd>焼き魚や煮物、だしの効いた和食をはじめ、和食全般と好相性です。</dd><dt>保存方法は？</dt><dd>直射日光を避け、冷暗所で保管してください。開栓後はお早めにお召し上がりください。</dd></dl>",特別本醸造,,,,,やや辛口,"[""冷や"", ""常温"", ""燗""]",焼き魚、煮物、だしの効いた和食,4,4,3,4,3
63,ナマザケ 720ml（要冷蔵）,"<h2>ナマザケ 720ml（要冷蔵）</h2>
<p>「ナマザケ 720ml（要冷蔵）」は、神奈川県秦野市の金井酒造店が、環境省「全国名水百選」に選ばれた丹沢山系の伏流水で醸す純米です。</p>
<h3>味わいチャート</h3>
<table style=""border-collapse:collapse;width:100%;max-width:440px;font-size:13px;line-height:1.4;""><tbody>
<tr><td style=""padding:5px 6px;white-space:nowrap;color:#555;"">甘口</td><td style=""padding:5px 6px;width:100%;""><div style=""background:#ece7dd;border-radius:6px;height:12px;""><div style=""background:#9c6b1f;width:40%;height:12px;border-radius:6px;""></div></div></td><td style=""padding:5px 6px;white-space:nowrap;color:#555;"">辛口 <strong>2/5</strong></td></tr>
<tr><td style=""padding:5px 6px;white-space:nowrap;color:#555;"">淡麗</td><td style=""padding:5px 6px;width:100%;""><div style=""background:#ece7dd;border-radius:6px;height:12px;""><div style=""background:#9c6b1f;width:80%;height:12px;border-radius:6px;""></div></div></td><td style=""padding:5px 6px;white-space:nowrap;color:#555;"">濃醇 <strong>4/5</strong></td></tr>
<tr><td style=""padding:5px 6px;white-space:nowrap;color:#555;"">穏やか</td><td style=""padding:5px 6px;width:100%;""><div style=""background:#ece7dd;border-radius:6px;height:12px;""><div style=""background:#9c6b1f;width:60%;height:12px;border-radius:6px;""></div></div></td><td style=""padding:5px 6px;white-space:nowrap;color:#555;"">華やか <strong>3/5</strong></td></tr>
<tr><td style=""padding:5px 6px;white-space:nowrap;color:#555;"">おだやか</td><td style=""padding:5px 6px;width:100%;""><div style=""background:#ece7dd;border-radius:6px;height:12px;""><div style=""background:#9c6b1f;width:60%;height:12px;border-radius:6px;""></div></div></td><td style=""padding:5px 6px;white-space:nowrap;color:#555;"">酸味 <strong>3/5</strong></td></tr>
<tr><td style=""padding:5px 6px;white-space:nowrap;color:#555;"">まろやか</td><td style=""padding:5px 6px;width:100%;""><div style=""background:#ece7dd;border-radius:6px;height:12px;""><div style=""background:#9c6b1f;width:40%;height:12px;border-radius:6px;""></div></div></td><td style=""padding:5px 6px;white-space:nowrap;color:#555;"">キレ <strong>2/5</strong></td></tr>
</tbody></table>
<p style=""font-size:12px;color:#888;"">※甘辛・濃淡・香り・酸味・キレを5段階で表示しています。</p>
<h3>おすすめの飲み方・相性料理</h3>
<p>冷やから常温、ぬる燗までお楽しみいただけます。焼き魚や煮物などだしの効いた和食と好相性です。</p>
<h3>商品仕様</h3>
<table><tbody><tr><th>種類</th><td>純米</td></tr><tr><th>製造元</th><td>金井酒造店（神奈川県秦野市）</td></tr></tbody></table>
<h3>よくあるご質問</h3><dl><dt>おすすめの飲み方は？</dt><dd>冷やから常温、ぬる燗までお楽しみいただけます。</dd><dt>どんな料理に合いますか？</dt><dd>焼き魚や煮物、だしの効いた和食をはじめ、和食全般と好相性です。</dd><dt>保存方法は？</dt><dd>直射日光を避け、冷暗所で保管してください。開栓後はお早めにお召し上がりください。</dd></dl>",純米,,,,,,"[""冷や"", ""常温"", ""ぬる燗""]",焼き魚、煮物、だしの効いた和食,2,4,3,3,2
白笹鼓-純米原酒-秦野-720ｍｌ,白笹鼓　純米原酒　秦野　720ｍｌ,"<h2>白笹鼓　純米原酒　秦野　720ｍｌ</h2>
<p>「白笹鼓　純米原酒　秦野　720ｍｌ」は、神奈川県秦野市の金井酒造店が、環境省「全国名水百選」に選ばれた丹沢山系の伏流水で醸すです。</p>
<h3>味わいチャート</h3>
<table style=""border-collapse:collapse;width:100%;max-width:440px;font-size:13px;line-height:1.4;""><tbody>
<tr><td style=""padding:5px 6px;white-space:nowrap;color:#555;"">甘口</td><td style=""padding:5px 6px;width:100%;""><div style=""background:#ece7dd;border-radius:6px;height:12px;""><div style=""background:#9c6b1f;width:60%;height:12px;border-radius:6px;""></div></div></td><td style=""padding:5px 6px;white-space:nowrap;color:#555;"">辛口 <strong>3/5</strong></td></tr>
<tr><td style=""padding:5px 6px;white-space:nowrap;color:#555;"">淡麗</td><td style=""padding:5px 6px;width:100%;""><div style=""background:#ece7dd;border-radius:6px;height:12px;""><div style=""background:#9c6b1f;width:60%;height:12px;border-radius:6px;""></div></div></td><td style=""padding:5px 6px;white-space:nowrap;color:#555;"">濃醇 <strong>3/5</strong></td></tr>
<tr><td style=""padding:5px 6px;white-space:nowrap;color:#555;"">穏やか</td><td style=""padding:5px 6px;width:100%;""><div style=""background:#ece7dd;border-radius:6px;height:12px;""><div style=""background:#9c6b1f;width:40%;height:12px;border-radius:6px;""></div></div></td><td style=""padding:5px 6px;white-space:nowrap;color:#555;"">華やか <strong>2/5</strong></td></tr>
<tr><td style=""padding:5px 6px;white-space:nowrap;color:#555;"">おだやか</td><td style=""padding:5px 6px;width:100%;""><div style=""background:#ece7dd;border-radius:6px;height:12px;""><div style=""background:#9c6b1f;width:60%;height:12px;border-radius:6px;""></div></div></td><td style=""padding:5px 6px;white-space:nowrap;color:#555;"">酸味 <strong>3/5</strong></td></tr>
<tr><td style=""padding:5px 6px;white-space:nowrap;color:#555;"">まろやか</td><td style=""padding:5px 6px;width:100%;""><div style=""background:#ece7dd;border-radius:6px;height:12px;""><div style=""background:#9c6b1f;width:60%;height:12px;border-radius:6px;""></div></div></td><td style=""padding:5px 6px;white-space:nowrap;color:#555;"">キレ <strong>3/5</strong></td></tr>
</tbody></table>
<p style=""font-size:12px;color:#888;"">※甘辛・濃淡・香り・酸味・キレを5段階で表示しています。</p>
<h3>おすすめの飲み方・相性料理</h3>
<p>冷やまたはロックでお楽しみいただけます。焼き魚や煮物などだしの効いた和食と好相性です。</p>
<h3>商品仕様</h3>
<table><tbody><tr><th>製造元</th><td>金井酒造店（神奈川県秦野市）</td></tr></tbody></table>
<h3>よくあるご質問</h3><dl><dt>おすすめの飲み方は？</dt><dd>冷やまたはロックでお楽しみいただけます。</dd><dt>どんな料理に合いますか？</dt><dd>焼き魚や煮物、だしの効いた和食をはじめ、和食全般と好相性です。</dd><dt>保存方法は？</dt><dd>直射日光を避け、冷暗所で保管してください。開栓後はお早めにお召し上がりください。</dd></dl>",,,,,,,"[""冷や"", ""ロック""]",焼き魚、煮物、だしの効いた和食,3,3,2,3,3
白笹鼓-ヤビツ峠-300ml-本醸造,白笹鼓　ヤビツ峠　300ml　（本醸造）,"<h2>白笹鼓　ヤビツ峠　300ml　（本醸造）</h2>
<p>「白笹鼓　ヤビツ峠　300ml　（本醸造）」は、神奈川県秦野市の金井酒造店が、環境省「全国名水百選」に選ばれた丹沢山系の伏流水で醸すです。</p>
<h3>味わいチャート</h3>
<table style=""border-collapse:collapse;width:100%;max-width:440px;font-size:13px;line-height:1.4;""><tbody>
<tr><td style=""padding:5px 6px;white-space:nowrap;color:#555;"">甘口</td><td style=""padding:5px 6px;width:100%;""><div style=""background:#ece7dd;border-radius:6px;height:12px;""><div style=""background:#9c6b1f;width:60%;height:12px;border-radius:6px;""></div></div></td><td style=""padding:5px 6px;white-space:nowrap;color:#555;"">辛口 <strong>3/5</strong></td></tr>
<tr><td style=""padding:5px 6px;white-space:nowrap;color:#555;"">淡麗</td><td style=""padding:5px 6px;width:100%;""><div style=""background:#ece7dd;border-radius:6px;height:12px;""><div style=""background:#9c6b1f;width:60%;height:12px;border-radius:6px;""></div></div></td><td style=""padding:5px 6px;white-space:nowrap;color:#555;"">濃醇 <strong>3/5</strong></td></tr>
<tr><td style=""padding:5px 6px;white-space:nowrap;color:#555;"">穏やか</td><td style=""padding:5px 6px;width:100%;""><div style=""background:#ece7dd;border-radius:6px;height:12px;""><div style=""background:#9c6b1f;width:40%;height:12px;border-radius:6px;""></div></div></td><td style=""padding:5px 6px;white-space:nowrap;color:#555;"">華やか <strong>2/5</strong></td></tr>
<tr><td style=""padding:5px 6px;white-space:nowrap;color:#555;"">おだやか</td><td style=""padding:5px 6px;width:100%;""><div style=""background:#ece7dd;border-radius:6px;height:12px;""><div style=""background:#9c6b1f;width:60%;height:12px;border-radius:6px;""></div></div></td><td style=""padding:5px 6px;white-space:nowrap;color:#555;"">酸味 <strong>3/5</strong></td></tr>
<tr><td style=""padding:5px 6px;white-space:nowrap;color:#555;"">まろやか</td><td style=""padding:5px 6px;width:100%;""><div style=""background:#ece7dd;border-radius:6px;height:12px;""><div style=""background:#9c6b1f;width:60%;height:12px;border-radius:6px;""></div></div></td><td style=""padding:5px 6px;white-space:nowrap;color:#555;"">キレ <strong>3/5</strong></td></tr>
</tbody></table>
<p style=""font-size:12px;color:#888;"">※甘辛・濃淡・香り・酸味・キレを5段階で表示しています。</p>
<h3>おすすめの飲み方・相性料理</h3>
<p>冷やから燗まで温度を選ばずお楽しみいただけます。焼き魚や煮物などだしの効いた和食と好相性です。</p>
<h3>商品仕様</h3>
<table><tbody><tr><th>製造元</th><td>金井酒造店（神奈川県秦野市）</td></tr></tbody></table>
<h3>よくあるご質問</h3><dl><dt>おすすめの飲み方は？</dt><dd>冷やから燗まで温度を選ばずお楽しみいただけます。</dd><dt>どんな料理に合いますか？</dt><dd>焼き魚や煮物、だしの効いた和食をはじめ、和食全般と好相性です。</dd><dt>保存方法は？</dt><dd>直射日光を避け、冷暗所で保管してください。開栓後はお早めにお召し上がりください。</dd></dl>",,,,,,,"[""冷や"", ""常温"", ""燗""]",焼き魚、煮物、だしの効いた和食,3,3,2,3,3
白笹鼓-塔の岳-300ml-山田錦-純米吟醸,白笹鼓　塔の岳　300ml　（山田錦・純米吟醸）,"<h2>白笹鼓　塔の岳　300ml　（山田錦・純米吟醸）</h2>
<p>「白笹鼓　塔の岳　300ml　（山田錦・純米吟醸）」は、神奈川県秦野市の金井酒造店が、環境省「全国名水百選」に選ばれた丹沢山系の伏流水で醸すです。</p>
<h3>味わいチャート</h3>
<table style=""border-collapse:collapse;width:100%;max-width:440px;font-size:13px;line-height:1.4;""><tbody>
<tr><td style=""padding:5px 6px;white-space:nowrap;color:#555;"">甘口</td><td style=""padding:5px 6px;width:100%;""><div style=""background:#ece7dd;border-radius:6px;height:12px;""><div style=""background:#9c6b1f;width:60%;height:12px;border-radius:6px;""></div></div></td><td style=""padding:5px 6px;white-space:nowrap;color:#555;"">辛口 <strong>3/5</strong></td></tr>
<tr><td style=""padding:5px 6px;white-space:nowrap;color:#555;"">淡麗</td><td style=""padding:5px 6px;width:100%;""><div style=""background:#ece7dd;border-radius:6px;height:12px;""><div style=""background:#9c6b1f;width:60%;height:12px;border-radius:6px;""></div></div></td><td style=""padding:5px 6px;white-space:nowrap;color:#555;"">濃醇 <strong>3/5</strong></td></tr>
<tr><td style=""padding:5px 6px;white-space:nowrap;color:#555;"">穏やか</td><td style=""padding:5px 6px;width:100%;""><div style=""background:#ece7dd;border-radius:6px;height:12px;""><div style=""background:#9c6b1f;width:40%;height:12px;border-radius:6px;""></div></div></td><td style=""padding:5px 6px;white-space:nowrap;color:#555;"">華やか <strong>2/5</strong></td></tr>
<tr><td style=""padding:5px 6px;white-space:nowrap;color:#555;"">おだやか</td><td style=""padding:5px 6px;width:100%;""><div style=""background:#ece7dd;border-radius:6px;height:12px;""><div style=""background:#9c6b1f;width:60%;height:12px;border-radius:6px;""></div></div></td><td style=""padding:5px 6px;white-space:nowrap;color:#555;"">酸味 <strong>3/5</strong></td></tr>
<tr><td style=""padding:5px 6px;white-space:nowrap;color:#555;"">まろやか</td><td style=""padding:5px 6px;width:100%;""><div style=""background:#ece7dd;border-radius:6px;height:12px;""><div style=""background:#9c6b1f;width:60%;height:12px;border-radius:6px;""></div></div></td><td style=""padding:5px 6px;white-space:nowrap;color:#555;"">キレ <strong>3/5</strong></td></tr>
</tbody></table>
<p style=""font-size:12px;color:#888;"">※甘辛・濃淡・香り・酸味・キレを5段階で表示しています。</p>
<h3>おすすめの飲み方・相性料理</h3>
<p>よく冷やして（5〜10℃）お楽しみいただけます。焼き魚や煮物などだしの効いた和食と好相性です。</p>
<h3>商品仕様</h3>
<table><tbody><tr><th>製造元</th><td>金井酒造店（神奈川県秦野市）</td></tr></tbody></table>
<h3>よくあるご質問</h3><dl><dt>おすすめの飲み方は？</dt><dd>よく冷やして（5〜10℃）お楽しみいただけます。</dd><dt>どんな料理に合いますか？</dt><dd>焼き魚や煮物、だしの効いた和食をはじめ、和食全般と好相性です。</dd><dt>保存方法は？</dt><dd>直射日光を避け、冷暗所で保管してください。開栓後はお早めにお召し上がりください。</dd></dl>",,,,,,,"[""冷や""]",焼き魚、煮物、だしの効いた和食,3,3,2,3,3
白笹鼓-特撰-1800ｍｌ,白笹鼓　特撰　1800ｍｌ,"<h2>白笹鼓　特撰　1800ｍｌ</h2>
<p>「白笹鼓　特撰　1800ｍｌ」は、神奈川県秦野市の金井酒造店が、環境省「全国名水百選」に選ばれた丹沢山系の伏流水で醸すです。</p>
<h3>味わいチャート</h3>
<table style=""border-collapse:collapse;width:100%;max-width:440px;font-size:13px;line-height:1.4;""><tbody>
<tr><td style=""padding:5px 6px;white-space:nowrap;color:#555;"">甘口</td><td style=""padding:5px 6px;width:100%;""><div style=""background:#ece7dd;border-radius:6px;height:12px;""><div style=""background:#9c6b1f;width:60%;height:12px;border-radius:6px;""></div></div></td><td style=""padding:5px 6px;white-space:nowrap;color:#555;"">辛口 <strong>3/5</strong></td></tr>
<tr><td style=""padding:5px 6px;white-space:nowrap;color:#555;"">淡麗</td><td style=""padding:5px 6px;width:100%;""><div style=""background:#ece7dd;border-radius:6px;height:12px;""><div style=""background:#9c6b1f;width:60%;height:12px;border-radius:6px;""></div></div></td><td style=""padding:5px 6px;white-space:nowrap;color:#555;"">濃醇 <strong>3/5</strong></td></tr>
<tr><td style=""padding:5px 6px;white-space:nowrap;color:#555;"">穏やか</td><td style=""padding:5px 6px;width:100%;""><div style=""background:#ece7dd;border-radius:6px;height:12px;""><div style=""background:#9c6b1f;width:40%;height:12px;border-radius:6px;""></div></div></td><td style=""padding:5px 6px;white-space:nowrap;color:#555;"">華やか <strong>2/5</strong></td></tr>
<tr><td style=""padding:5px 6px;white-space:nowrap;color:#555;"">おだやか</td><td style=""padding:5px 6px;width:100%;""><div style=""background:#ece7dd;border-radius:6px;height:12px;""><div style=""background:#9c6b1f;width:60%;height:12px;border-radius:6px;""></div></div></td><td style=""padding:5px 6px;white-space:nowrap;color:#555;"">酸味 <strong>3/5</strong></td></tr>
<tr><td style=""padding:5px 6px;white-space:nowrap;color:#555;"">まろやか</td><td style=""padding:5px 6px;width:100%;""><div style=""background:#ece7dd;border-radius:6px;height:12px;""><div style=""background:#9c6b1f;width:60%;height:12px;border-radius:6px;""></div></div></td><td style=""padding:5px 6px;white-space:nowrap;color:#555;"">キレ <strong>3/5</strong></td></tr>
</tbody></table>
<p style=""font-size:12px;color:#888;"">※甘辛・濃淡・香り・酸味・キレを5段階で表示しています。</p>
<h3>おすすめの飲み方・相性料理</h3>
<p>冷やから常温、ぬる燗までお楽しみいただけます。焼き魚や煮物などだしの効いた和食と好相性です。</p>
<h3>商品仕様</h3>
<table><tbody><tr><th>製造元</th><td>金井酒造店（神奈川県秦野市）</td></tr></tbody></table>
<h3>よくあるご質問</h3><dl><dt>おすすめの飲み方は？</dt><dd>冷やから常温、ぬる燗までお楽しみいただけます。</dd><dt>どんな料理に合いますか？</dt><dd>焼き魚や煮物、だしの効いた和食をはじめ、和食全般と好相性です。</dd><dt>保存方法は？</dt><dd>直射日光を避け、冷暗所で保管してください。開栓後はお早めにお召し上がりください。</dd></dl>",,,,,,,"[""冷や"", ""常温"", ""ぬる燗""]",焼き魚、煮物、だしの効いた和食,3,3,2,3,3
白笹鼓-純米吟醸生貯蔵-300ｍｌ,白笹鼓　純米吟醸生貯蔵　300ｍｌ,"<h2>白笹鼓　純米吟醸生貯蔵　300ｍｌ</h2>
<p>「白笹鼓　純米吟醸生貯蔵　300ｍｌ」は、神奈川県秦野市の金井酒造店が、環境省「全国名水百選」に選ばれた丹沢山系の伏流水で醸すです。</p>
<h3>味わいチャート</h3>
<table style=""border-collapse:collapse;width:100%;max-width:440px;font-size:13px;line-height:1.4;""><tbody>
<tr><td style=""padding:5px 6px;white-space:nowrap;color:#555;"">甘口</td><td style=""padding:5px 6px;width:100%;""><div style=""background:#ece7dd;border-radius:6px;height:12px;""><div style=""background:#9c6b1f;width:60%;height:12px;border-radius:6px;""></div></div></td><td style=""padding:5px 6px;white-space:nowrap;color:#555;"">辛口 <strong>3/5</strong></td></tr>
<tr><td style=""padding:5px 6px;white-space:nowrap;color:#555;"">淡麗</td><td style=""padding:5px 6px;width:100%;""><div style=""background:#ece7dd;border-radius:6px;height:12px;""><div style=""background:#9c6b1f;width:60%;height:12px;border-radius:6px;""></div></div></td><td style=""padding:5px 6px;white-space:nowrap;color:#555;"">濃醇 <strong>3/5</strong></td></tr>
<tr><td style=""padding:5px 6px;white-space:nowrap;color:#555;"">穏やか</td><td style=""padding:5px 6px;width:100%;""><div style=""background:#ece7dd;border-radius:6px;height:12px;""><div style=""background:#9c6b1f;width:40%;height:12px;border-radius:6px;""></div></div></td><td style=""padding:5px 6px;white-space:nowrap;color:#555;"">華やか <strong>2/5</strong></td></tr>
<tr><td style=""padding:5px 6px;white-space:nowrap;color:#555;"">おだやか</td><td style=""padding:5px 6px;width:100%;""><div style=""background:#ece7dd;border-radius:6px;height:12px;""><div style=""background:#9c6b1f;width:60%;height:12px;border-radius:6px;""></div></div></td><td style=""padding:5px 6px;white-space:nowrap;color:#555;"">酸味 <strong>3/5</strong></td></tr>
<tr><td style=""padding:5px 6px;white-space:nowrap;color:#555;"">まろやか</td><td style=""padding:5px 6px;width:100%;""><div style=""background:#ece7dd;border-radius:6px;height:12px;""><div style=""background:#9c6b1f;width:60%;height:12px;border-radius:6px;""></div></div></td><td style=""padding:5px 6px;white-space:nowrap;color:#555;"">キレ <strong>3/5</strong></td></tr>
</tbody></table>
<p style=""font-size:12px;color:#888;"">※甘辛・濃淡・香り・酸味・キレを5段階で表示しています。</p>
<h3>おすすめの飲み方・相性料理</h3>
<p>よく冷やして（5〜10℃）お楽しみいただけます。焼き魚や煮物などだしの効いた和食と好相性です。</p>
<h3>商品仕様</h3>
<table><tbody><tr><th>製造元</th><td>金井酒造店（神奈川県秦野市）</td></tr></tbody></table>
<h3>よくあるご質問</h3><dl><dt>おすすめの飲み方は？</dt><dd>よく冷やして（5〜10℃）お楽しみいただけます。</dd><dt>どんな料理に合いますか？</dt><dd>焼き魚や煮物、だしの効いた和食をはじめ、和食全般と好相性です。</dd><dt>保存方法は？</dt><dd>直射日光を避け、冷暗所で保管してください。開栓後はお早めにお召し上がりください。</dd></dl>",,,,,,,"[""冷や""]",焼き魚、煮物、だしの効いた和食,3,3,2,3,3
白笹鼓-1800ml,白笹鼓　1800ml,"<h2>白笹鼓　1800ml</h2>
<p>「白笹鼓　1800ml」は、神奈川県秦野市の金井酒造店が、環境省「全国名水百選」に選ばれた丹沢山系の伏流水で醸すです。</p>
<h3>味わいチャート</h3>
<table style=""border-collapse:collapse;width:100%;max-width:440px;font-size:13px;line-height:1.4;""><tbody>
<tr><td style=""padding:5px 6px;white-space:nowrap;color:#555;"">甘口</td><td style=""padding:5px 6px;width:100%;""><div style=""background:#ece7dd;border-radius:6px;height:12px;""><div style=""background:#9c6b1f;width:60%;height:12px;border-radius:6px;""></div></div></td><td style=""padding:5px 6px;white-space:nowrap;color:#555;"">辛口 <strong>3/5</strong></td></tr>
<tr><td style=""padding:5px 6px;white-space:nowrap;color:#555;"">淡麗</td><td style=""padding:5px 6px;width:100%;""><div style=""background:#ece7dd;border-radius:6px;height:12px;""><div style=""background:#9c6b1f;width:60%;height:12px;border-radius:6px;""></div></div></td><td style=""padding:5px 6px;white-space:nowrap;color:#555;"">濃醇 <strong>3/5</strong></td></tr>
<tr><td style=""padding:5px 6px;white-space:nowrap;color:#555;"">穏やか</td><td style=""padding:5px 6px;width:100%;""><div style=""background:#ece7dd;border-radius:6px;height:12px;""><div style=""background:#9c6b1f;width:40%;height:12px;border-radius:6px;""></div></div></td><td style=""padding:5px 6px;white-space:nowrap;color:#555;"">華やか <strong>2/5</strong></td></tr>
<tr><td style=""padding:5px 6px;white-space:nowrap;color:#555;"">おだやか</td><td style=""padding:5px 6px;width:100%;""><div style=""background:#ece7dd;border-radius:6px;height:12px;""><div style=""background:#9c6b1f;width:60%;height:12px;border-radius:6px;""></div></div></td><td style=""padding:5px 6px;white-space:nowrap;color:#555;"">酸味 <strong>3/5</strong></td></tr>
<tr><td style=""padding:5px 6px;white-space:nowrap;color:#555;"">まろやか</td><td style=""padding:5px 6px;width:100%;""><div style=""background:#ece7dd;border-radius:6px;height:12px;""><div style=""background:#9c6b1f;width:60%;height:12px;border-radius:6px;""></div></div></td><td style=""padding:5px 6px;white-space:nowrap;color:#555;"">キレ <strong>3/5</strong></td></tr>
</tbody></table>
<p style=""font-size:12px;color:#888;"">※甘辛・濃淡・香り・酸味・キレを5段階で表示しています。</p>
<h3>おすすめの飲み方・相性料理</h3>
<p>冷やから常温、ぬる燗までお楽しみいただけます。焼き魚や煮物などだしの効いた和食と好相性です。</p>
<h3>商品仕様</h3>
<table><tbody><tr><th>製造元</th><td>金井酒造店（神奈川県秦野市）</td></tr></tbody></table>
<h3>よくあるご質問</h3><dl><dt>おすすめの飲み方は？</dt><dd>冷やから常温、ぬる燗までお楽しみいただけます。</dd><dt>どんな料理に合いますか？</dt><dd>焼き魚や煮物、だしの効いた和食をはじめ、和食全般と好相性です。</dd><dt>保存方法は？</dt><dd>直射日光を避け、冷暗所で保管してください。開栓後はお早めにお召し上がりください。</dd></dl>",,,,,,,"[""冷や"", ""常温"", ""ぬる燗""]",焼き魚、煮物、だしの効いた和食,3,3,2,3,3
白笹鼓-本醸造-生酒-1800ｍｌ,白笹鼓　本醸造　生酒　1800ｍｌ,"<h2>白笹鼓　本醸造　生酒　1800ｍｌ</h2>
<p>「白笹鼓　本醸造　生酒　1800ｍｌ」は、神奈川県秦野市の金井酒造店が、環境省「全国名水百選」に選ばれた丹沢山系の伏流水で醸すです。</p>
<h3>味わいチャート</h3>
<table style=""border-collapse:collapse;width:100%;max-width:440px;font-size:13px;line-height:1.4;""><tbody>
<tr><td style=""padding:5px 6px;white-space:nowrap;color:#555;"">甘口</td><td style=""padding:5px 6px;width:100%;""><div style=""background:#ece7dd;border-radius:6px;height:12px;""><div style=""background:#9c6b1f;width:60%;height:12px;border-radius:6px;""></div></div></td><td style=""padding:5px 6px;white-space:nowrap;color:#555;"">辛口 <strong>3/5</strong></td></tr>
<tr><td style=""padding:5px 6px;white-space:nowrap;color:#555;"">淡麗</td><td style=""padding:5px 6px;width:100%;""><div style=""background:#ece7dd;border-radius:6px;height:12px;""><div style=""background:#9c6b1f;width:60%;height:12px;border-radius:6px;""></div></div></td><td style=""padding:5px 6px;white-space:nowrap;color:#555;"">濃醇 <strong>3/5</strong></td></tr>
<tr><td style=""padding:5px 6px;white-space:nowrap;color:#555;"">穏やか</td><td style=""padding:5px 6px;width:100%;""><div style=""background:#ece7dd;border-radius:6px;height:12px;""><div style=""background:#9c6b1f;width:40%;height:12px;border-radius:6px;""></div></div></td><td style=""padding:5px 6px;white-space:nowrap;color:#555;"">華やか <strong>2/5</strong></td></tr>
<tr><td style=""padding:5px 6px;white-space:nowrap;color:#555;"">おだやか</td><td style=""padding:5px 6px;width:100%;""><div style=""background:#ece7dd;border-radius:6px;height:12px;""><div style=""background:#9c6b1f;width:60%;height:12px;border-radius:6px;""></div></div></td><td style=""padding:5px 6px;white-space:nowrap;color:#555;"">酸味 <strong>3/5</strong></td></tr>
<tr><td style=""padding:5px 6px;white-space:nowrap;color:#555;"">まろやか</td><td style=""padding:5px 6px;width:100%;""><div style=""background:#ece7dd;border-radius:6px;height:12px;""><div style=""background:#9c6b1f;width:60%;height:12px;border-radius:6px;""></div></div></td><td style=""padding:5px 6px;white-space:nowrap;color:#555;"">キレ <strong>3/5</strong></td></tr>
</tbody></table>
<p style=""font-size:12px;color:#888;"">※甘辛・濃淡・香り・酸味・キレを5段階で表示しています。</p>
<h3>おすすめの飲み方・相性料理</h3>
<p>よく冷やして（5〜10℃）お楽しみいただけます。焼き魚や煮物などだしの効いた和食と好相性です。</p>
<h3>商品仕様</h3>
<table><tbody><tr><th>製造元</th><td>金井酒造店（神奈川県秦野市）</td></tr></tbody></table>
<h3>よくあるご質問</h3><dl><dt>おすすめの飲み方は？</dt><dd>よく冷やして（5〜10℃）お楽しみいただけます。</dd><dt>どんな料理に合いますか？</dt><dd>焼き魚や煮物、だしの効いた和食をはじめ、和食全般と好相性です。</dd><dt>保存方法は？</dt><dd>直射日光を避け、冷暗所で保管してください。開栓後はお早めにお召し上がりください。</dd></dl>",,,,,,,"[""冷や""]",焼き魚、煮物、だしの効いた和食,3,3,2,3,3
白笹鼓-本醸造-生酒-720ｍｌ,白笹鼓　本醸造　生酒　720ｍｌ,"<h2>白笹鼓　本醸造　生酒　720ｍｌ</h2>
<p>「白笹鼓　本醸造　生酒　720ｍｌ」は、神奈川県秦野市の金井酒造店が、環境省「全国名水百選」に選ばれた丹沢山系の伏流水で醸すです。</p>
<h3>味わいチャート</h3>
<table style=""border-collapse:collapse;width:100%;max-width:440px;font-size:13px;line-height:1.4;""><tbody>
<tr><td style=""padding:5px 6px;white-space:nowrap;color:#555;"">甘口</td><td style=""padding:5px 6px;width:100%;""><div style=""background:#ece7dd;border-radius:6px;height:12px;""><div style=""background:#9c6b1f;width:60%;height:12px;border-radius:6px;""></div></div></td><td style=""padding:5px 6px;white-space:nowrap;color:#555;"">辛口 <strong>3/5</strong></td></tr>
<tr><td style=""padding:5px 6px;white-space:nowrap;color:#555;"">淡麗</td><td style=""padding:5px 6px;width:100%;""><div style=""background:#ece7dd;border-radius:6px;height:12px;""><div style=""background:#9c6b1f;width:60%;height:12px;border-radius:6px;""></div></div></td><td style=""padding:5px 6px;white-space:nowrap;color:#555;"">濃醇 <strong>3/5</strong></td></tr>
<tr><td style=""padding:5px 6px;white-space:nowrap;color:#555;"">穏やか</td><td style=""padding:5px 6px;width:100%;""><div style=""background:#ece7dd;border-radius:6px;height:12px;""><div style=""background:#9c6b1f;width:40%;height:12px;border-radius:6px;""></div></div></td><td style=""padding:5px 6px;white-space:nowrap;color:#555;"">華やか <strong>2/5</strong></td></tr>
<tr><td style=""padding:5px 6px;white-space:nowrap;color:#555;"">おだやか</td><td style=""padding:5px 6px;width:100%;""><div style=""background:#ece7dd;border-radius:6px;height:12px;""><div style=""background:#9c6b1f;width:60%;height:12px;border-radius:6px;""></div></div></td><td style=""padding:5px 6px;white-space:nowrap;color:#555;"">酸味 <strong>3/5</strong></td></tr>
<tr><td style=""padding:5px 6px;white-space:nowrap;color:#555;"">まろやか</td><td style=""padding:5px 6px;width:100%;""><div style=""background:#ece7dd;border-radius:6px;height:12px;""><div style=""background:#9c6b1f;width:60%;height:12px;border-radius:6px;""></div></div></td><td style=""padding:5px 6px;white-space:nowrap;color:#555;"">キレ <strong>3/5</strong></td></tr>
</tbody></table>
<p style=""font-size:12px;color:#888;"">※甘辛・濃淡・香り・酸味・キレを5段階で表示しています。</p>
<h3>おすすめの飲み方・相性料理</h3>
<p>よく冷やして（5〜10℃）お楽しみいただけます。焼き魚や煮物などだしの効いた和食と好相性です。</p>
<h3>商品仕様</h3>
<table><tbody><tr><th>製造元</th><td>金井酒造店（神奈川県秦野市）</td></tr></tbody></table>
<h3>よくあるご質問</h3><dl><dt>おすすめの飲み方は？</dt><dd>よく冷やして（5〜10℃）お楽しみいただけます。</dd><dt>どんな料理に合いますか？</dt><dd>焼き魚や煮物、だしの効いた和食をはじめ、和食全般と好相性です。</dd><dt>保存方法は？</dt><dd>直射日光を避け、冷暗所で保管してください。開栓後はお早めにお召し上がりください。</dd></dl>",,,,,,,"[""冷や""]",焼き魚、煮物、だしの効いた和食,3,3,2,3,3
モーツァルト-k001-k003-吟-原セット-500ｍｌ-2,モーツァルト　K001･K003　吟･原セット　500ｍｌ×2,"<h2>モーツァルト　K001･K003　吟･原セット　500ｍｌ×2</h2>
<p>「モーツァルト　K001･K003　吟･原セット　500ｍｌ×2」は、神奈川県秦野市の金井酒造店が、環境省「全国名水百選」に選ばれた丹沢山系の伏流水で醸すです。</p>
<h3>味わいチャート</h3>
<table style=""border-collapse:collapse;width:100%;max-width:440px;font-size:13px;line-height:1.4;""><tbody>
<tr><td style=""padding:5px 6px;white-space:nowrap;color:#555;"">甘口</td><td style=""padding:5px 6px;width:100%;""><div style=""background:#ece7dd;border-radius:6px;height:12px;""><div style=""background:#9c6b1f;width:60%;height:12px;border-radius:6px;""></div></div></td><td style=""padding:5px 6px;white-space:nowrap;color:#555;"">辛口 <strong>3/5</strong></td></tr>
<tr><td style=""padding:5px 6px;white-space:nowrap;color:#555;"">淡麗</td><td style=""padding:5px 6px;width:100%;""><div style=""background:#ece7dd;border-radius:6px;height:12px;""><div style=""background:#9c6b1f;width:60%;height:12px;border-radius:6px;""></div></div></td><td style=""padding:5px 6px;white-space:nowrap;color:#555;"">濃醇 <strong>3/5</strong></td></tr>
<tr><td style=""padding:5px 6px;white-space:nowrap;color:#555;"">穏やか</td><td style=""padding:5px 6px;width:100%;""><div style=""background:#ece7dd;border-radius:6px;height:12px;""><div style=""background:#9c6b1f;width:40%;height:12px;border-radius:6px;""></div></div></td><td style=""padding:5px 6px;white-space:nowrap;color:#555;"">華やか <strong>2/5</strong></td></tr>
<tr><td style=""padding:5px 6px;white-space:nowrap;color:#555;"">おだやか</td><td style=""padding:5px 6px;width:100%;""><div style=""background:#ece7dd;border-radius:6px;height:12px;""><div style=""background:#9c6b1f;width:60%;height:12px;border-radius:6px;""></div></div></td><td style=""padding:5px 6px;white-space:nowrap;color:#555;"">酸味 <strong>3/5</strong></td></tr>
<tr><td style=""padding:5px 6px;white-space:nowrap;color:#555;"">まろやか</td><td style=""padding:5px 6px;width:100%;""><div style=""background:#ece7dd;border-radius:6px;height:12px;""><div style=""background:#9c6b1f;width:60%;height:12px;border-radius:6px;""></div></div></td><td style=""padding:5px 6px;white-space:nowrap;color:#555;"">キレ <strong>3/5</strong></td></tr>
</tbody></table>
<p style=""font-size:12px;color:#888;"">※甘辛・濃淡・香り・酸味・キレを5段階で表示しています。</p>
<h3>おすすめの飲み方・相性料理</h3>
<p>冷やから常温、ぬる燗までお楽しみいただけます。焼き魚や煮物などだしの効いた和食と好相性です。</p>
<h3>商品仕様</h3>
<table><tbody><tr><th>製造元</th><td>金井酒造店（神奈川県秦野市）</td></tr></tbody></table>
<h3>よくあるご質問</h3><dl><dt>おすすめの飲み方は？</dt><dd>冷やから常温、ぬる燗までお楽しみいただけます。</dd><dt>どんな料理に合いますか？</dt><dd>焼き魚や煮物、だしの効いた和食をはじめ、和食全般と好相性です。</dd><dt>保存方法は？</dt><dd>直射日光を避け、冷暗所で保管してください。開栓後はお早めにお召し上がりください。</dd></dl>",,,,,,,"[""冷や"", ""常温"", ""ぬる燗""]",焼き魚、煮物、だしの効いた和食,3,3,2,3,3
モーツァルト-k001-k005-原-純セット-500ｍｌ-2,モーツァルト　K001･K005　原･純セット　500ｍｌ×2,"<h2>モーツァルト　K001･K005　原･純セット　500ｍｌ×2</h2>
<p>「モーツァルト　K001･K005　原･純セット　500ｍｌ×2」は、神奈川県秦野市の金井酒造店が、環境省「全国名水百選」に選ばれた丹沢山系の伏流水で醸すです。</p>
<h3>味わいチャート</h3>
<table style=""border-collapse:collapse;width:100%;max-width:440px;font-size:13px;line-height:1.4;""><tbody>
<tr><td style=""padding:5px 6px;white-space:nowrap;color:#555;"">甘口</td><td style=""padding:5px 6px;width:100%;""><div style=""background:#ece7dd;border-radius:6px;height:12px;""><div style=""background:#9c6b1f;width:60%;height:12px;border-radius:6px;""></div></div></td><td style=""padding:5px 6px;white-space:nowrap;color:#555;"">辛口 <strong>3/5</strong></td></tr>
<tr><td style=""padding:5px 6px;white-space:nowrap;color:#555;"">淡麗</td><td style=""padding:5px 6px;width:100%;""><div style=""background:#ece7dd;border-radius:6px;height:12px;""><div style=""background:#9c6b1f;width:60%;height:12px;border-radius:6px;""></div></div></td><td style=""padding:5px 6px;white-space:nowrap;color:#555;"">濃醇 <strong>3/5</strong></td></tr>
<tr><td style=""padding:5px 6px;white-space:nowrap;color:#555;"">穏やか</td><td style=""padding:5px 6px;width:100%;""><div style=""background:#ece7dd;border-radius:6px;height:12px;""><div style=""background:#9c6b1f;width:40%;height:12px;border-radius:6px;""></div></div></td><td style=""padding:5px 6px;white-space:nowrap;color:#555;"">華やか <strong>2/5</strong></td></tr>
<tr><td style=""padding:5px 6px;white-space:nowrap;color:#555;"">おだやか</td><td style=""padding:5px 6px;width:100%;""><div style=""background:#ece7dd;border-radius:6px;height:12px;""><div style=""background:#9c6b1f;width:60%;height:12px;border-radius:6px;""></div></div></td><td style=""padding:5px 6px;white-space:nowrap;color:#555;"">酸味 <strong>3/5</strong></td></tr>
<tr><td style=""padding:5px 6px;white-space:nowrap;color:#555;"">まろやか</td><td style=""padding:5px 6px;width:100%;""><div style=""background:#ece7dd;border-radius:6px;height:12px;""><div style=""background:#9c6b1f;width:60%;height:12px;border-radius:6px;""></div></div></td><td style=""padding:5px 6px;white-space:nowrap;color:#555;"">キレ <strong>3/5</strong></td></tr>
</tbody></table>
<p style=""font-size:12px;color:#888;"">※甘辛・濃淡・香り・酸味・キレを5段階で表示しています。</p>
<h3>おすすめの飲み方・相性料理</h3>
<p>冷やから常温、ぬる燗までお楽しみいただけます。焼き魚や煮物などだしの効いた和食と好相性です。</p>
<h3>商品仕様</h3>
<table><tbody><tr><th>製造元</th><td>金井酒造店（神奈川県秦野市）</td></tr></tbody></table>
<h3>よくあるご質問</h3><dl><dt>おすすめの飲み方は？</dt><dd>冷やから常温、ぬる燗までお楽しみいただけます。</dd><dt>どんな料理に合いますか？</dt><dd>焼き魚や煮物、だしの効いた和食をはじめ、和食全般と好相性です。</dd><dt>保存方法は？</dt><dd>直射日光を避け、冷暗所で保管してください。開栓後はお早めにお召し上がりください。</dd></dl>",,,,,,,"[""冷や"", ""常温"", ""ぬる燗""]",焼き魚、煮物、だしの効いた和食,3,3,2,3,3
モーツァルト-k003-k005-吟-純セット-500ｍｌ-2,モーツァルト　K003･K005　吟･純セット　500ｍｌ×2,"<h2>モーツァルト　K003･K005　吟･純セット　500ｍｌ×2</h2>
<p>「モーツァルト　K003･K005　吟･純セット　500ｍｌ×2」は、神奈川県秦野市の金井酒造店が、環境省「全国名水百選」に選ばれた丹沢山系の伏流水で醸すです。</p>
<h3>味わいチャート</h3>
<table style=""border-collapse:collapse;width:100%;max-width:440px;font-size:13px;line-height:1.4;""><tbody>
<tr><td style=""padding:5px 6px;white-space:nowrap;color:#555;"">甘口</td><td style=""padding:5px 6px;width:100%;""><div style=""background:#ece7dd;border-radius:6px;height:12px;""><div style=""background:#9c6b1f;width:60%;height:12px;border-radius:6px;""></div></div></td><td style=""padding:5px 6px;white-space:nowrap;color:#555;"">辛口 <strong>3/5</strong></td></tr>
<tr><td style=""padding:5px 6px;white-space:nowrap;color:#555;"">淡麗</td><td style=""padding:5px 6px;width:100%;""><div style=""background:#ece7dd;border-radius:6px;height:12px;""><div style=""background:#9c6b1f;width:60%;height:12px;border-radius:6px;""></div></div></td><td style=""padding:5px 6px;white-space:nowrap;color:#555;"">濃醇 <strong>3/5</strong></td></tr>
<tr><td style=""padding:5px 6px;white-space:nowrap;color:#555;"">穏やか</td><td style=""padding:5px 6px;width:100%;""><div style=""background:#ece7dd;border-radius:6px;height:12px;""><div style=""background:#9c6b1f;width:40%;height:12px;border-radius:6px;""></div></div></td><td style=""padding:5px 6px;white-space:nowrap;color:#555;"">華やか <strong>2/5</strong></td></tr>
<tr><td style=""padding:5px 6px;white-space:nowrap;color:#555;"">おだやか</td><td style=""padding:5px 6px;width:100%;""><div style=""background:#ece7dd;border-radius:6px;height:12px;""><div style=""background:#9c6b1f;width:60%;height:12px;border-radius:6px;""></div></div></td><td style=""padding:5px 6px;white-space:nowrap;color:#555;"">酸味 <strong>3/5</strong></td></tr>
<tr><td style=""padding:5px 6px;white-space:nowrap;color:#555;"">まろやか</td><td style=""padding:5px 6px;width:100%;""><div style=""background:#ece7dd;border-radius:6px;height:12px;""><div style=""background:#9c6b1f;width:60%;height:12px;border-radius:6px;""></div></div></td><td style=""padding:5px 6px;white-space:nowrap;color:#555;"">キレ <strong>3/5</strong></td></tr>
</tbody></table>
<p style=""font-size:12px;color:#888;"">※甘辛・濃淡・香り・酸味・キレを5段階で表示しています。</p>
<h3>おすすめの飲み方・相性料理</h3>
<p>冷やから常温、ぬる燗までお楽しみいただけます。焼き魚や煮物などだしの効いた和食と好相性です。</p>
<h3>商品仕様</h3>
<table><tbody><tr><th>製造元</th><td>金井酒造店（神奈川県秦野市）</td></tr></tbody></table>
<h3>よくあるご質問</h3><dl><dt>おすすめの飲み方は？</dt><dd>冷やから常温、ぬる燗までお楽しみいただけます。</dd><dt>どんな料理に合いますか？</dt><dd>焼き魚や煮物、だしの効いた和食をはじめ、和食全般と好相性です。</dd><dt>保存方法は？</dt><dd>直射日光を避け、冷暗所で保管してください。開栓後はお早めにお召し上がりください。</dd></dl>",,,,,,,"[""冷や"", ""常温"", ""ぬる燗""]",焼き魚、煮物、だしの効いた和食,3,3,2,3,3
飲み比べセット-春嶽,飲み比べセット　春嶽,"<h2>飲み比べセット　春嶽</h2>
<p>「飲み比べセット　春嶽」は、神奈川県秦野市の金井酒造店が、環境省「全国名水百選」に選ばれた丹沢山系の伏流水で醸すです。</p>
<h3>味わいチャート</h3>
<table style=""border-collapse:collapse;width:100%;max-width:440px;font-size:13px;line-height:1.4;""><tbody>
<tr><td style=""padding:5px 6px;white-space:nowrap;color:#555;"">甘口</td><td style=""padding:5px 6px;width:100%;""><div style=""background:#ece7dd;border-radius:6px;height:12px;""><div style=""background:#9c6b1f;width:60%;height:12px;border-radius:6px;""></div></div></td><td style=""padding:5px 6px;white-space:nowrap;color:#555;"">辛口 <strong>3/5</strong></td></tr>
<tr><td style=""padding:5px 6px;white-space:nowrap;color:#555;"">淡麗</td><td style=""padding:5px 6px;width:100%;""><div style=""background:#ece7dd;border-radius:6px;height:12px;""><div style=""background:#9c6b1f;width:60%;height:12px;border-radius:6px;""></div></div></td><td style=""padding:5px 6px;white-space:nowrap;color:#555;"">濃醇 <strong>3/5</strong></td></tr>
<tr><td style=""padding:5px 6px;white-space:nowrap;color:#555;"">穏やか</td><td style=""padding:5px 6px;width:100%;""><div style=""background:#ece7dd;border-radius:6px;height:12px;""><div style=""background:#9c6b1f;width:40%;height:12px;border-radius:6px;""></div></div></td><td style=""padding:5px 6px;white-space:nowrap;color:#555;"">華やか <strong>2/5</strong></td></tr>
<tr><td style=""padding:5px 6px;white-space:nowrap;color:#555;"">おだやか</td><td style=""padding:5px 6px;width:100%;""><div style=""background:#ece7dd;border-radius:6px;height:12px;""><div style=""background:#9c6b1f;width:60%;height:12px;border-radius:6px;""></div></div></td><td style=""padding:5px 6px;white-space:nowrap;color:#555;"">酸味 <strong>3/5</strong></td></tr>
<tr><td style=""padding:5px 6px;white-space:nowrap;color:#555;"">まろやか</td><td style=""padding:5px 6px;width:100%;""><div style=""background:#ece7dd;border-radius:6px;height:12px;""><div style=""background:#9c6b1f;width:60%;height:12px;border-radius:6px;""></div></div></td><td style=""padding:5px 6px;white-space:nowrap;color:#555;"">キレ <strong>3/5</strong></td></tr>
</tbody></table>
<p style=""font-size:12px;color:#888;"">※甘辛・濃淡・香り・酸味・キレを5段階で表示しています。</p>
<h3>おすすめの飲み方・相性料理</h3>
<p>冷やから常温、ぬる燗までお楽しみいただけます。焼き魚や煮物などだしの効いた和食と好相性です。</p>
<h3>商品仕様</h3>
<table><tbody><tr><th>製造元</th><td>金井酒造店（神奈川県秦野市）</td></tr></tbody></table>
<h3>よくあるご質問</h3><dl><dt>おすすめの飲み方は？</dt><dd>冷やから常温、ぬる燗までお楽しみいただけます。</dd><dt>どんな料理に合いますか？</dt><dd>焼き魚や煮物、だしの効いた和食をはじめ、和食全般と好相性です。</dd><dt>保存方法は？</dt><dd>直射日光を避け、冷暗所で保管してください。開栓後はお早めにお召し上がりください。</dd></dl>",,,,,,,"[""冷や"", ""常温"", ""ぬる燗""]",焼き魚、煮物、だしの効いた和食,3,3,2,3,3
sh-25-特純1-特本1,SH-25　(特純1・特本1),"<h2>SH-25　(特純1・特本1)</h2>
<p>「SH-25　(特純1・特本1)」は、神奈川県秦野市の金井酒造店が、環境省「全国名水百選」に選ばれた丹沢山系の伏流水で醸すです。</p>
<h3>味わいチャート</h3>
<table style=""border-collapse:collapse;width:100%;max-width:440px;font-size:13px;line-height:1.4;""><tbody>
<tr><td style=""padding:5px 6px;white-space:nowrap;color:#555;"">甘口</td><td style=""padding:5px 6px;width:100%;""><div style=""background:#ece7dd;border-radius:6px;height:12px;""><div style=""background:#9c6b1f;width:60%;height:12px;border-radius:6px;""></div></div></td><td style=""padding:5px 6px;white-space:nowrap;color:#555;"">辛口 <strong>3/5</strong></td></tr>
<tr><td style=""padding:5px 6px;white-space:nowrap;color:#555;"">淡麗</td><td style=""padding:5px 6px;width:100%;""><div style=""background:#ece7dd;border-radius:6px;height:12px;""><div style=""background:#9c6b1f;width:60%;height:12px;border-radius:6px;""></div></div></td><td style=""padding:5px 6px;white-space:nowrap;color:#555;"">濃醇 <strong>3/5</strong></td></tr>
<tr><td style=""padding:5px 6px;white-space:nowrap;color:#555;"">穏やか</td><td style=""padding:5px 6px;width:100%;""><div style=""background:#ece7dd;border-radius:6px;height:12px;""><div style=""background:#9c6b1f;width:40%;height:12px;border-radius:6px;""></div></div></td><td style=""padding:5px 6px;white-space:nowrap;color:#555;"">華やか <strong>2/5</strong></td></tr>
<tr><td style=""padding:5px 6px;white-space:nowrap;color:#555;"">おだやか</td><td style=""padding:5px 6px;width:100%;""><div style=""background:#ece7dd;border-radius:6px;height:12px;""><div style=""background:#9c6b1f;width:60%;height:12px;border-radius:6px;""></div></div></td><td style=""padding:5px 6px;white-space:nowrap;color:#555;"">酸味 <strong>3/5</strong></td></tr>
<tr><td style=""padding:5px 6px;white-space:nowrap;color:#555;"">まろやか</td><td style=""padding:5px 6px;width:100%;""><div style=""background:#ece7dd;border-radius:6px;height:12px;""><div style=""background:#9c6b1f;width:60%;height:12px;border-radius:6px;""></div></div></td><td style=""padding:5px 6px;white-space:nowrap;color:#555;"">キレ <strong>3/5</strong></td></tr>
</tbody></table>
<p style=""font-size:12px;color:#888;"">※甘辛・濃淡・香り・酸味・キレを5段階で表示しています。</p>
<h3>おすすめの飲み方・相性料理</h3>
<p>冷やから常温、ぬる燗までお楽しみいただけます。焼き魚や煮物などだしの効いた和食と好相性です。</p>
<h3>商品仕様</h3>
<table><tbody><tr><th>製造元</th><td>金井酒造店（神奈川県秦野市）</td></tr></tbody></table>
<h3>よくあるご質問</h3><dl><dt>おすすめの飲み方は？</dt><dd>冷やから常温、ぬる燗までお楽しみいただけます。</dd><dt>どんな料理に合いますか？</dt><dd>焼き魚や煮物、だしの効いた和食をはじめ、和食全般と好相性です。</dd><dt>保存方法は？</dt><dd>直射日光を避け、冷暗所で保管してください。開栓後はお早めにお召し上がりください。</dd></dl>",,,,,,,"[""冷や"", ""常温"", ""ぬる燗""]",焼き魚、煮物、だしの効いた和食,3,3,2,3,3
sw-31-若水1-特純1,SW-31　（若水1・特純1）,"<h2>SW-31　（若水1・特純1）</h2>
<p>「SW-31　（若水1・特純1）」は、神奈川県秦野市の金井酒造店が、環境省「全国名水百選」に選ばれた丹沢山系の伏流水で醸すです。</p>
<h3>味わいチャート</h3>
<table style=""border-collapse:collapse;width:100%;max-width:440px;font-size:13px;line-height:1.4;""><tbody>
<tr><td style=""padding:5px 6px;white-space:nowrap;color:#555;"">甘口</td><td style=""padding:5px 6px;width:100%;""><div style=""background:#ece7dd;border-radius:6px;height:12px;""><div style=""background:#9c6b1f;width:60%;height:12px;border-radius:6px;""></div></div></td><td style=""padding:5px 6px;white-space:nowrap;color:#555;"">辛口 <strong>3/5</strong></td></tr>
<tr><td style=""padding:5px 6px;white-space:nowrap;color:#555;"">淡麗</td><td style=""padding:5px 6px;width:100%;""><div style=""background:#ece7dd;border-radius:6px;height:12px;""><div style=""background:#9c6b1f;width:60%;height:12px;border-radius:6px;""></div></div></td><td style=""padding:5px 6px;white-space:nowrap;color:#555;"">濃醇 <strong>3/5</strong></td></tr>
<tr><td style=""padding:5px 6px;white-space:nowrap;color:#555;"">穏やか</td><td style=""padding:5px 6px;width:100%;""><div style=""background:#ece7dd;border-radius:6px;height:12px;""><div style=""background:#9c6b1f;width:40%;height:12px;border-radius:6px;""></div></div></td><td style=""padding:5px 6px;white-space:nowrap;color:#555;"">華やか <strong>2/5</strong></td></tr>
<tr><td style=""padding:5px 6px;white-space:nowrap;color:#555;"">おだやか</td><td style=""padding:5px 6px;width:100%;""><div style=""background:#ece7dd;border-radius:6px;height:12px;""><div style=""background:#9c6b1f;width:60%;height:12px;border-radius:6px;""></div></div></td><td style=""padding:5px 6px;white-space:nowrap;color:#555;"">酸味 <strong>3/5</strong></td></tr>
<tr><td style=""padding:5px 6px;white-space:nowrap;color:#555;"">まろやか</td><td style=""padding:5px 6px;width:100%;""><div style=""background:#ece7dd;border-radius:6px;height:12px;""><div style=""background:#9c6b1f;width:60%;height:12px;border-radius:6px;""></div></div></td><td style=""padding:5px 6px;white-space:nowrap;color:#555;"">キレ <strong>3/5</strong></td></tr>
</tbody></table>
<p style=""font-size:12px;color:#888;"">※甘辛・濃淡・香り・酸味・キレを5段階で表示しています。</p>
<h3>おすすめの飲み方・相性料理</h3>
<p>冷やから常温、ぬる燗までお楽しみいただけます。焼き魚や煮物などだしの効いた和食と好相性です。</p>
<h3>商品仕様</h3>
<table><tbody><tr><th>製造元</th><td>金井酒造店（神奈川県秦野市）</td></tr></tbody></table>
<h3>よくあるご質問</h3><dl><dt>おすすめの飲み方は？</dt><dd>冷やから常温、ぬる燗までお楽しみいただけます。</dd><dt>どんな料理に合いますか？</dt><dd>焼き魚や煮物、だしの効いた和食をはじめ、和食全般と好相性です。</dd><dt>保存方法は？</dt><dd>直射日光を避け、冷暗所で保管してください。開栓後はお早めにお召し上がりください。</dd></dl>",,,,,,,"[""冷や"", ""常温"", ""ぬる燗""]",焼き魚、煮物、だしの効いた和食,3,3,2,3,3
sh-40-特純2-特本1,SH-40　(特純2・特本1),"<h2>SH-40　(特純2・特本1)</h2>
<p>「SH-40　(特純2・特本1)」は、神奈川県秦野市の金井酒造店が、環境省「全国名水百選」に選ばれた丹沢山系の伏流水で醸すです。</p>
<h3>味わいチャート</h3>
<table style=""border-collapse:collapse;width:100%;max-width:440px;font-size:13px;line-height:1.4;""><tbody>
<tr><td style=""padding:5px 6px;white-space:nowrap;color:#555;"">甘口</td><td style=""padding:5px 6px;width:100%;""><div style=""background:#ece7dd;border-radius:6px;height:12px;""><div style=""background:#9c6b1f;width:60%;height:12px;border-radius:6px;""></div></div></td><td style=""padding:5px 6px;white-space:nowrap;color:#555;"">辛口 <strong>3/5</strong></td></tr>
<tr><td style=""padding:5px 6px;white-space:nowrap;color:#555;"">淡麗</td><td style=""padding:5px 6px;width:100%;""><div style=""background:#ece7dd;border-radius:6px;height:12px;""><div style=""background:#9c6b1f;width:60%;height:12px;border-radius:6px;""></div></div></td><td style=""padding:5px 6px;white-space:nowrap;color:#555;"">濃醇 <strong>3/5</strong></td></tr>
<tr><td style=""padding:5px 6px;white-space:nowrap;color:#555;"">穏やか</td><td style=""padding:5px 6px;width:100%;""><div style=""background:#ece7dd;border-radius:6px;height:12px;""><div style=""background:#9c6b1f;width:40%;height:12px;border-radius:6px;""></div></div></td><td style=""padding:5px 6px;white-space:nowrap;color:#555;"">華やか <strong>2/5</strong></td></tr>
<tr><td style=""padding:5px 6px;white-space:nowrap;color:#555;"">おだやか</td><td style=""padding:5px 6px;width:100%;""><div style=""background:#ece7dd;border-radius:6px;height:12px;""><div style=""background:#9c6b1f;width:60%;height:12px;border-radius:6px;""></div></div></td><td style=""padding:5px 6px;white-space:nowrap;color:#555;"">酸味 <strong>3/5</strong></td></tr>
<tr><td style=""padding:5px 6px;white-space:nowrap;color:#555;"">まろやか</td><td style=""padding:5px 6px;width:100%;""><div style=""background:#ece7dd;border-radius:6px;height:12px;""><div style=""background:#9c6b1f;width:60%;height:12px;border-radius:6px;""></div></div></td><td style=""padding:5px 6px;white-space:nowrap;color:#555;"">キレ <strong>3/5</strong></td></tr>
</tbody></table>
<p style=""font-size:12px;color:#888;"">※甘辛・濃淡・香り・酸味・キレを5段階で表示しています。</p>
<h3>おすすめの飲み方・相性料理</h3>
<p>冷やから常温、ぬる燗までお楽しみいただけます。焼き魚や煮物などだしの効いた和食と好相性です。</p>
<h3>商品仕様</h3>
<table><tbody><tr><th>製造元</th><td>金井酒造店（神奈川県秦野市）</td></tr></tbody></table>
<h3>よくあるご質問</h3><dl><dt>おすすめの飲み方は？</dt><dd>冷やから常温、ぬる燗までお楽しみいただけます。</dd><dt>どんな料理に合いますか？</dt><dd>焼き魚や煮物、だしの効いた和食をはじめ、和食全般と好相性です。</dd><dt>保存方法は？</dt><dd>直射日光を避け、冷暗所で保管してください。開栓後はお早めにお召し上がりください。</dd></dl>",,,,,,,"[""冷や"", ""常温"", ""ぬる燗""]",焼き魚、煮物、だしの効いた和食,3,3,2,3,3
sfe-43-吟醸-笹の露-純米,SFE-43　(吟醸・笹の露・純米),"<h2>SFE-43　(吟醸・笹の露・純米)</h2>
<p>「SFE-43　(吟醸・笹の露・純米)」は、神奈川県秦野市の金井酒造店が、環境省「全国名水百選」に選ばれた丹沢山系の伏流水で醸すです。</p>
<h3>味わいチャート</h3>
<table style=""border-collapse:collapse;width:100%;max-width:440px;font-size:13px;line-height:1.4;""><tbody>
<tr><td style=""padding:5px 6px;white-space:nowrap;color:#555;"">甘口</td><td style=""padding:5px 6px;width:100%;""><div style=""background:#ece7dd;border-radius:6px;height:12px;""><div style=""background:#9c6b1f;width:60%;height:12px;border-radius:6px;""></div></div></td><td style=""padding:5px 6px;white-space:nowrap;color:#555;"">辛口 <strong>3/5</strong></td></tr>
<tr><td style=""padding:5px 6px;white-space:nowrap;color:#555;"">淡麗</td><td style=""padding:5px 6px;width:100%;""><div style=""background:#ece7dd;border-radius:6px;height:12px;""><div style=""background:#9c6b1f;width:60%;height:12px;border-radius:6px;""></div></div></td><td style=""padding:5px 6px;white-space:nowrap;color:#555;"">濃醇 <strong>3/5</strong></td></tr>
<tr><td style=""padding:5px 6px;white-space:nowrap;color:#555;"">穏やか</td><td style=""padding:5px 6px;width:100%;""><div style=""background:#ece7dd;border-radius:6px;height:12px;""><div style=""background:#9c6b1f;width:40%;height:12px;border-radius:6px;""></div></div></td><td style=""padding:5px 6px;white-space:nowrap;color:#555;"">華やか <strong>2/5</strong></td></tr>
<tr><td style=""padding:5px 6px;white-space:nowrap;color:#555;"">おだやか</td><td style=""padding:5px 6px;width:100%;""><div style=""background:#ece7dd;border-radius:6px;height:12px;""><div style=""background:#9c6b1f;width:60%;height:12px;border-radius:6px;""></div></div></td><td style=""padding:5px 6px;white-space:nowrap;color:#555;"">酸味 <strong>3/5</strong></td></tr>
<tr><td style=""padding:5px 6px;white-space:nowrap;color:#555;"">まろやか</td><td style=""padding:5px 6px;width:100%;""><div style=""background:#ece7dd;border-radius:6px;height:12px;""><div style=""background:#9c6b1f;width:60%;height:12px;border-radius:6px;""></div></div></td><td style=""padding:5px 6px;white-space:nowrap;color:#555;"">キレ <strong>3/5</strong></td></tr>
</tbody></table>
<p style=""font-size:12px;color:#888;"">※甘辛・濃淡・香り・酸味・キレを5段階で表示しています。</p>
<h3>おすすめの飲み方・相性料理</h3>
<p>よく冷やして（5〜10℃）お楽しみいただけます。焼き魚や煮物などだしの効いた和食と好相性です。</p>
<h3>商品仕様</h3>
<table><tbody><tr><th>製造元</th><td>金井酒造店（神奈川県秦野市）</td></tr></tbody></table>
<h3>よくあるご質問</h3><dl><dt>おすすめの飲み方は？</dt><dd>よく冷やして（5〜10℃）お楽しみいただけます。</dd><dt>どんな料理に合いますか？</dt><dd>焼き魚や煮物、だしの効いた和食をはじめ、和食全般と好相性です。</dd><dt>保存方法は？</dt><dd>直射日光を避け、冷暗所で保管してください。開栓後はお早めにお召し上がりください。</dd></dl>",,,,,,,"[""冷や""]",焼き魚、煮物、だしの効いた和食,3,3,2,3,3
弘法山-720ｍｌ,弘法山　720ｍｌ,"<h2>弘法山　720ｍｌ</h2>
<p>「弘法山　720ｍｌ」は、神奈川県秦野市の金井酒造店が、環境省「全国名水百選」に選ばれた丹沢山系の伏流水で醸すです。</p>
<h3>味わいチャート</h3>
<table style=""border-collapse:collapse;width:100%;max-width:440px;font-size:13px;line-height:1.4;""><tbody>
<tr><td style=""padding:5px 6px;white-space:nowrap;color:#555;"">甘口</td><td style=""padding:5px 6px;width:100%;""><div style=""background:#ece7dd;border-radius:6px;height:12px;""><div style=""background:#9c6b1f;width:60%;height:12px;border-radius:6px;""></div></div></td><td style=""padding:5px 6px;white-space:nowrap;color:#555;"">辛口 <strong>3/5</strong></td></tr>
<tr><td style=""padding:5px 6px;white-space:nowrap;color:#555;"">淡麗</td><td style=""padding:5px 6px;width:100%;""><div style=""background:#ece7dd;border-radius:6px;height:12px;""><div style=""background:#9c6b1f;width:60%;height:12px;border-radius:6px;""></div></div></td><td style=""padding:5px 6px;white-space:nowrap;color:#555;"">濃醇 <strong>3/5</strong></td></tr>
<tr><td style=""padding:5px 6px;white-space:nowrap;color:#555;"">穏やか</td><td style=""padding:5px 6px;width:100%;""><div style=""background:#ece7dd;border-radius:6px;height:12px;""><div style=""background:#9c6b1f;width:40%;height:12px;border-radius:6px;""></div></div></td><td style=""padding:5px 6px;white-space:nowrap;color:#555;"">華やか <strong>2/5</strong></td></tr>
<tr><td style=""padding:5px 6px;white-space:nowrap;color:#555;"">おだやか</td><td style=""padding:5px 6px;width:100%;""><div style=""background:#ece7dd;border-radius:6px;height:12px;""><div style=""background:#9c6b1f;width:60%;height:12px;border-radius:6px;""></div></div></td><td style=""padding:5px 6px;white-space:nowrap;color:#555;"">酸味 <strong>3/5</strong></td></tr>
<tr><td style=""padding:5px 6px;white-space:nowrap;color:#555;"">まろやか</td><td style=""padding:5px 6px;width:100%;""><div style=""background:#ece7dd;border-radius:6px;height:12px;""><div style=""background:#9c6b1f;width:60%;height:12px;border-radius:6px;""></div></div></td><td style=""padding:5px 6px;white-space:nowrap;color:#555;"">キレ <strong>3/5</strong></td></tr>
</tbody></table>
<p style=""font-size:12px;color:#888;"">※甘辛・濃淡・香り・酸味・キレを5段階で表示しています。</p>
<h3>おすすめの飲み方・相性料理</h3>
<p>冷やから常温、ぬる燗までお楽しみいただけます。焼き魚や煮物などだしの効いた和食と好相性です。</p>
<h3>商品仕様</h3>
<table><tbody><tr><th>製造元</th><td>金井酒造店（神奈川県秦野市）</td></tr></tbody></table>
<h3>よくあるご質問</h3><dl><dt>おすすめの飲み方は？</dt><dd>冷やから常温、ぬる燗までお楽しみいただけます。</dd><dt>どんな料理に合いますか？</dt><dd>焼き魚や煮物、だしの効いた和食をはじめ、和食全般と好相性です。</dd><dt>保存方法は？</dt><dd>直射日光を避け、冷暗所で保管してください。開栓後はお早めにお召し上がりください。</dd></dl>",,,,,,,"[""冷や"", ""常温"", ""ぬる燗""]",焼き魚、煮物、だしの効いた和食,3,3,2,3,3
秦野-生酒-720ｍｌ,秦野　生酒　720ｍｌ,"<h2>秦野　生酒　720ｍｌ</h2>
<p>「秦野　生酒　720ｍｌ」は、神奈川県秦野市の金井酒造店が、環境省「全国名水百選」に選ばれた丹沢山系の伏流水で醸すです。</p>
<h3>味わいチャート</h3>
<table style=""border-collapse:collapse;width:100%;max-width:440px;font-size:13px;line-height:1.4;""><tbody>
<tr><td style=""padding:5px 6px;white-space:nowrap;color:#555;"">甘口</td><td style=""padding:5px 6px;width:100%;""><div style=""background:#ece7dd;border-radius:6px;height:12px;""><div style=""background:#9c6b1f;width:60%;height:12px;border-radius:6px;""></div></div></td><td style=""padding:5px 6px;white-space:nowrap;color:#555;"">辛口 <strong>3/5</strong></td></tr>
<tr><td style=""padding:5px 6px;white-space:nowrap;color:#555;"">淡麗</td><td style=""padding:5px 6px;width:100%;""><div style=""background:#ece7dd;border-radius:6px;height:12px;""><div style=""background:#9c6b1f;width:60%;height:12px;border-radius:6px;""></div></div></td><td style=""padding:5px 6px;white-space:nowrap;color:#555;"">濃醇 <strong>3/5</strong></td></tr>
<tr><td style=""padding:5px 6px;white-space:nowrap;color:#555;"">穏やか</td><td style=""padding:5px 6px;width:100%;""><div style=""background:#ece7dd;border-radius:6px;height:12px;""><div style=""background:#9c6b1f;width:40%;height:12px;border-radius:6px;""></div></div></td><td style=""padding:5px 6px;white-space:nowrap;color:#555;"">華やか <strong>2/5</strong></td></tr>
<tr><td style=""padding:5px 6px;white-space:nowrap;color:#555;"">おだやか</td><td style=""padding:5px 6px;width:100%;""><div style=""background:#ece7dd;border-radius:6px;height:12px;""><div style=""background:#9c6b1f;width:60%;height:12px;border-radius:6px;""></div></div></td><td style=""padding:5px 6px;white-space:nowrap;color:#555;"">酸味 <strong>3/5</strong></td></tr>
<tr><td style=""padding:5px 6px;white-space:nowrap;color:#555;"">まろやか</td><td style=""padding:5px 6px;width:100%;""><div style=""background:#ece7dd;border-radius:6px;height:12px;""><div style=""background:#9c6b1f;width:60%;height:12px;border-radius:6px;""></div></div></td><td style=""padding:5px 6px;white-space:nowrap;color:#555;"">キレ <strong>3/5</strong></td></tr>
</tbody></table>
<p style=""font-size:12px;color:#888;"">※甘辛・濃淡・香り・酸味・キレを5段階で表示しています。</p>
<h3>おすすめの飲み方・相性料理</h3>
<p>よく冷やして（5〜10℃）お楽しみいただけます。焼き魚や煮物などだしの効いた和食と好相性です。</p>
<h3>商品仕様</h3>
<table><tbody><tr><th>製造元</th><td>金井酒造店（神奈川県秦野市）</td></tr></tbody></table>
<h3>よくあるご質問</h3><dl><dt>おすすめの飲み方は？</dt><dd>よく冷やして（5〜10℃）お楽しみいただけます。</dd><dt>どんな料理に合いますか？</dt><dd>焼き魚や煮物、だしの効いた和食をはじめ、和食全般と好相性です。</dd><dt>保存方法は？</dt><dd>直射日光を避け、冷暗所で保管してください。開栓後はお早めにお召し上がりください。</dd></dl>",,,,,,,"[""冷や""]",焼き魚、煮物、だしの効いた和食,3,3,2,3,3
酒粕500g詰,酒粕500g詰,"<h2>酒粕500g詰</h2>
<p>「酒粕500g詰」は、神奈川県秦野市の金井酒造店が、環境省「全国名水百選」に選ばれた丹沢山系の伏流水で醸すです。</p>
<h3>味わいチャート</h3>
<table style=""border-collapse:collapse;width:100%;max-width:440px;font-size:13px;line-height:1.4;""><tbody>
<tr><td style=""padding:5px 6px;white-space:nowrap;color:#555;"">甘口</td><td style=""padding:5px 6px;width:100%;""><div style=""background:#ece7dd;border-radius:6px;height:12px;""><div style=""background:#9c6b1f;width:60%;height:12px;border-radius:6px;""></div></div></td><td style=""padding:5px 6px;white-space:nowrap;color:#555;"">辛口 <strong>3/5</strong></td></tr>
<tr><td style=""padding:5px 6px;white-space:nowrap;color:#555;"">淡麗</td><td style=""padding:5px 6px;width:100%;""><div style=""background:#ece7dd;border-radius:6px;height:12px;""><div style=""background:#9c6b1f;width:60%;height:12px;border-radius:6px;""></div></div></td><td style=""padding:5px 6px;white-space:nowrap;color:#555;"">濃醇 <strong>3/5</strong></td></tr>
<tr><td style=""padding:5px 6px;white-space:nowrap;color:#555;"">穏やか</td><td style=""padding:5px 6px;width:100%;""><div style=""background:#ece7dd;border-radius:6px;height:12px;""><div style=""background:#9c6b1f;width:40%;height:12px;border-radius:6px;""></div></div></td><td style=""padding:5px 6px;white-space:nowrap;color:#555;"">華やか <strong>2/5</strong></td></tr>
<tr><td style=""padding:5px 6px;white-space:nowrap;color:#555;"">おだやか</td><td style=""padding:5px 6px;width:100%;""><div style=""background:#ece7dd;border-radius:6px;height:12px;""><div style=""background:#9c6b1f;width:60%;height:12px;border-radius:6px;""></div></div></td><td style=""padding:5px 6px;white-space:nowrap;color:#555;"">酸味 <strong>3/5</strong></td></tr>
<tr><td style=""padding:5px 6px;white-space:nowrap;color:#555;"">まろやか</td><td style=""padding:5px 6px;width:100%;""><div style=""background:#ece7dd;border-radius:6px;height:12px;""><div style=""background:#9c6b1f;width:60%;height:12px;border-radius:6px;""></div></div></td><td style=""padding:5px 6px;white-space:nowrap;color:#555;"">キレ <strong>3/5</strong></td></tr>
</tbody></table>
<p style=""font-size:12px;color:#888;"">※甘辛・濃淡・香り・酸味・キレを5段階で表示しています。</p>
<h3>おすすめの飲み方・相性料理</h3>
<p>冷やから常温、ぬる燗までお楽しみいただけます。焼き魚や煮物などだしの効いた和食と好相性です。</p>
<h3>商品仕様</h3>
<table><tbody><tr><th>製造元</th><td>金井酒造店（神奈川県秦野市）</td></tr></tbody></table>
<h3>よくあるご質問</h3><dl><dt>おすすめの飲み方は？</dt><dd>冷やから常温、ぬる燗までお楽しみいただけます。</dd><dt>どんな料理に合いますか？</dt><dd>焼き魚や煮物、だしの効いた和食をはじめ、和食全般と好相性です。</dd><dt>保存方法は？</dt><dd>直射日光を避け、冷暗所で保管してください。開栓後はお早めにお召し上がりください。</dd></dl>",,,,,,,"[""冷や"", ""常温"", ""ぬる燗""]",焼き魚、煮物、だしの効いた和食,3,3,2,3,3
白笹鼓-純米吟醸-一合缶-180ml,白笹鼓　純米吟醸　一合缶　180ml,"<h2>白笹鼓　純米吟醸　一合缶　180ml</h2>
<p>「白笹鼓　純米吟醸　一合缶　180ml」は、神奈川県秦野市の金井酒造店が、環境省「全国名水百選」に選ばれた丹沢山系の伏流水で醸すです。</p>
<h3>味わいチャート</h3>
<table style=""border-collapse:collapse;width:100%;max-width:440px;font-size:13px;line-height:1.4;""><tbody>
<tr><td style=""padding:5px 6px;white-space:nowrap;color:#555;"">甘口</td><td style=""padding:5px 6px;width:100%;""><div style=""background:#ece7dd;border-radius:6px;height:12px;""><div style=""background:#9c6b1f;width:60%;height:12px;border-radius:6px;""></div></div></td><td style=""padding:5px 6px;white-space:nowrap;color:#555;"">辛口 <strong>3/5</strong></td></tr>
<tr><td style=""padding:5px 6px;white-space:nowrap;color:#555;"">淡麗</td><td style=""padding:5px 6px;width:100%;""><div style=""background:#ece7dd;border-radius:6px;height:12px;""><div style=""background:#9c6b1f;width:60%;height:12px;border-radius:6px;""></div></div></td><td style=""padding:5px 6px;white-space:nowrap;color:#555;"">濃醇 <strong>3/5</strong></td></tr>
<tr><td style=""padding:5px 6px;white-space:nowrap;color:#555;"">穏やか</td><td style=""padding:5px 6px;width:100%;""><div style=""background:#ece7dd;border-radius:6px;height:12px;""><div style=""background:#9c6b1f;width:40%;height:12px;border-radius:6px;""></div></div></td><td style=""padding:5px 6px;white-space:nowrap;color:#555;"">華やか <strong>2/5</strong></td></tr>
<tr><td style=""padding:5px 6px;white-space:nowrap;color:#555;"">おだやか</td><td style=""padding:5px 6px;width:100%;""><div style=""background:#ece7dd;border-radius:6px;height:12px;""><div style=""background:#9c6b1f;width:60%;height:12px;border-radius:6px;""></div></div></td><td style=""padding:5px 6px;white-space:nowrap;color:#555;"">酸味 <strong>3/5</strong></td></tr>
<tr><td style=""padding:5px 6px;white-space:nowrap;color:#555;"">まろやか</td><td style=""padding:5px 6px;width:100%;""><div style=""background:#ece7dd;border-radius:6px;height:12px;""><div style=""background:#9c6b1f;width:60%;height:12px;border-radius:6px;""></div></div></td><td style=""padding:5px 6px;white-space:nowrap;color:#555;"">キレ <strong>3/5</strong></td></tr>
</tbody></table>
<p style=""font-size:12px;color:#888;"">※甘辛・濃淡・香り・酸味・キレを5段階で表示しています。</p>
<h3>おすすめの飲み方・相性料理</h3>
<p>よく冷やして（5〜10℃）お楽しみいただけます。焼き魚や煮物などだしの効いた和食と好相性です。</p>
<h3>商品仕様</h3>
<table><tbody><tr><th>製造元</th><td>金井酒造店（神奈川県秦野市）</td></tr></tbody></table>
<h3>よくあるご質問</h3><dl><dt>おすすめの飲み方は？</dt><dd>よく冷やして（5〜10℃）お楽しみいただけます。</dd><dt>どんな料理に合いますか？</dt><dd>焼き魚や煮物、だしの効いた和食をはじめ、和食全般と好相性です。</dd><dt>保存方法は？</dt><dd>直射日光を避け、冷暗所で保管してください。開栓後はお早めにお召し上がりください。</dd></dl>",,,,,,,"[""冷や""]",焼き魚、煮物、だしの効いた和食,3,3,2,3,3
白笹鼓-drunken-demon-300ml-冷や酒,白笹鼓　DRUNKEN DEMON　300ml　（冷や酒）,"<h2>白笹鼓　DRUNKEN DEMON　300ml　（冷や酒）</h2>
<p>「白笹鼓　DRUNKEN DEMON　300ml　（冷や酒）」は、神奈川県秦野市の金井酒造店が、環境省「全国名水百選」に選ばれた丹沢山系の伏流水で醸すです。</p>
<h3>味わいチャート</h3>
<table style=""border-collapse:collapse;width:100%;max-width:440px;font-size:13px;line-height:1.4;""><tbody>
<tr><td style=""padding:5px 6px;white-space:nowrap;color:#555;"">甘口</td><td style=""padding:5px 6px;width:100%;""><div style=""background:#ece7dd;border-radius:6px;height:12px;""><div style=""background:#9c6b1f;width:60%;height:12px;border-radius:6px;""></div></div></td><td style=""padding:5px 6px;white-space:nowrap;color:#555;"">辛口 <strong>3/5</strong></td></tr>
<tr><td style=""padding:5px 6px;white-space:nowrap;color:#555;"">淡麗</td><td style=""padding:5px 6px;width:100%;""><div style=""background:#ece7dd;border-radius:6px;height:12px;""><div style=""background:#9c6b1f;width:60%;height:12px;border-radius:6px;""></div></div></td><td style=""padding:5px 6px;white-space:nowrap;color:#555;"">濃醇 <strong>3/5</strong></td></tr>
<tr><td style=""padding:5px 6px;white-space:nowrap;color:#555;"">穏やか</td><td style=""padding:5px 6px;width:100%;""><div style=""background:#ece7dd;border-radius:6px;height:12px;""><div style=""background:#9c6b1f;width:40%;height:12px;border-radius:6px;""></div></div></td><td style=""padding:5px 6px;white-space:nowrap;color:#555;"">華やか <strong>2/5</strong></td></tr>
<tr><td style=""padding:5px 6px;white-space:nowrap;color:#555;"">おだやか</td><td style=""padding:5px 6px;width:100%;""><div style=""background:#ece7dd;border-radius:6px;height:12px;""><div style=""background:#9c6b1f;width:60%;height:12px;border-radius:6px;""></div></div></td><td style=""padding:5px 6px;white-space:nowrap;color:#555;"">酸味 <strong>3/5</strong></td></tr>
<tr><td style=""padding:5px 6px;white-space:nowrap;color:#555;"">まろやか</td><td style=""padding:5px 6px;width:100%;""><div style=""background:#ece7dd;border-radius:6px;height:12px;""><div style=""background:#9c6b1f;width:60%;height:12px;border-radius:6px;""></div></div></td><td style=""padding:5px 6px;white-space:nowrap;color:#555;"">キレ <strong>3/5</strong></td></tr>
</tbody></table>
<p style=""font-size:12px;color:#888;"">※甘辛・濃淡・香り・酸味・キレを5段階で表示しています。</p>
<h3>おすすめの飲み方・相性料理</h3>
<p>冷やから常温、ぬる燗までお楽しみいただけます。焼き魚や煮物などだしの効いた和食と好相性です。</p>
<h3>商品仕様</h3>
<table><tbody><tr><th>製造元</th><td>金井酒造店（神奈川県秦野市）</td></tr></tbody></table>
<h3>よくあるご質問</h3><dl><dt>おすすめの飲み方は？</dt><dd>冷やから常温、ぬる燗までお楽しみいただけます。</dd><dt>どんな料理に合いますか？</dt><dd>焼き魚や煮物、だしの効いた和食をはじめ、和食全般と好相性です。</dd><dt>保存方法は？</dt><dd>直射日光を避け、冷暗所で保管してください。開栓後はお早めにお召し上がりください。</dd></dl>",,,,,,,"[""冷や"", ""常温"", ""ぬる燗""]",焼き魚、煮物、だしの効いた和食,3,3,2,3,3
白笹鼓-the-white-fox-300ml-冷や酒,白笹鼓　THE WHITE FOX　300ml　（冷や酒）,"<h2>白笹鼓　THE WHITE FOX　300ml　（冷や酒）</h2>
<p>「白笹鼓　THE WHITE FOX　300ml　（冷や酒）」は、神奈川県秦野市の金井酒造店が、環境省「全国名水百選」に選ばれた丹沢山系の伏流水で醸すです。</p>
<h3>味わいチャート</h3>
<table style=""border-collapse:collapse;width:100%;max-width:440px;font-size:13px;line-height:1.4;""><tbody>
<tr><td style=""padding:5px 6px;white-space:nowrap;color:#555;"">甘口</td><td style=""padding:5px 6px;width:100%;""><div style=""background:#ece7dd;border-radius:6px;height:12px;""><div style=""background:#9c6b1f;width:60%;height:12px;border-radius:6px;""></div></div></td><td style=""padding:5px 6px;white-space:nowrap;color:#555;"">辛口 <strong>3/5</strong></td></tr>
<tr><td style=""padding:5px 6px;white-space:nowrap;color:#555;"">淡麗</td><td style=""padding:5px 6px;width:100%;""><div style=""background:#ece7dd;border-radius:6px;height:12px;""><div style=""background:#9c6b1f;width:60%;height:12px;border-radius:6px;""></div></div></td><td style=""padding:5px 6px;white-space:nowrap;color:#555;"">濃醇 <strong>3/5</strong></td></tr>
<tr><td style=""padding:5px 6px;white-space:nowrap;color:#555;"">穏やか</td><td style=""padding:5px 6px;width:100%;""><div style=""background:#ece7dd;border-radius:6px;height:12px;""><div style=""background:#9c6b1f;width:40%;height:12px;border-radius:6px;""></div></div></td><td style=""padding:5px 6px;white-space:nowrap;color:#555;"">華やか <strong>2/5</strong></td></tr>
<tr><td style=""padding:5px 6px;white-space:nowrap;color:#555;"">おだやか</td><td style=""padding:5px 6px;width:100%;""><div style=""background:#ece7dd;border-radius:6px;height:12px;""><div style=""background:#9c6b1f;width:60%;height:12px;border-radius:6px;""></div></div></td><td style=""padding:5px 6px;white-space:nowrap;color:#555;"">酸味 <strong>3/5</strong></td></tr>
<tr><td style=""padding:5px 6px;white-space:nowrap;color:#555;"">まろやか</td><td style=""padding:5px 6px;width:100%;""><div style=""background:#ece7dd;border-radius:6px;height:12px;""><div style=""background:#9c6b1f;width:60%;height:12px;border-radius:6px;""></div></div></td><td style=""padding:5px 6px;white-space:nowrap;color:#555;"">キレ <strong>3/5</strong></td></tr>
</tbody></table>
<p style=""font-size:12px;color:#888;"">※甘辛・濃淡・香り・酸味・キレを5段階で表示しています。</p>
<h3>おすすめの飲み方・相性料理</h3>
<p>冷やから常温、ぬる燗までお楽しみいただけます。焼き魚や煮物などだしの効いた和食と好相性です。</p>
<h3>商品仕様</h3>
<table><tbody><tr><th>製造元</th><td>金井酒造店（神奈川県秦野市）</td></tr></tbody></table>
<h3>よくあるご質問</h3><dl><dt>おすすめの飲み方は？</dt><dd>冷やから常温、ぬる燗までお楽しみいただけます。</dd><dt>どんな料理に合いますか？</dt><dd>焼き魚や煮物、だしの効いた和食をはじめ、和食全般と好相性です。</dd><dt>保存方法は？</dt><dd>直射日光を避け、冷暗所で保管してください。開栓後はお早めにお召し上がりください。</dd></dl>",,,,,,,"[""冷や"", ""常温"", ""ぬる燗""]",焼き魚、煮物、だしの効いた和食,3,3,2,3,3
袋,袋（ビニール・店頭用）,"<h2>袋（ビニール・店頭用）</h2>
<p>「袋（ビニール・店頭用）」は、神奈川県秦野市の金井酒造店が、環境省「全国名水百選」に選ばれた丹沢山系の伏流水で醸すです。</p>
<h3>味わいチャート</h3>
<table style=""border-collapse:collapse;width:100%;max-width:440px;font-size:13px;line-height:1.4;""><tbody>
<tr><td style=""padding:5px 6px;white-space:nowrap;color:#555;"">甘口</td><td style=""padding:5px 6px;width:100%;""><div style=""background:#ece7dd;border-radius:6px;height:12px;""><div style=""background:#9c6b1f;width:60%;height:12px;border-radius:6px;""></div></div></td><td style=""padding:5px 6px;white-space:nowrap;color:#555;"">辛口 <strong>3/5</strong></td></tr>
<tr><td style=""padding:5px 6px;white-space:nowrap;color:#555;"">淡麗</td><td style=""padding:5px 6px;width:100%;""><div style=""background:#ece7dd;border-radius:6px;height:12px;""><div style=""background:#9c6b1f;width:60%;height:12px;border-radius:6px;""></div></div></td><td style=""padding:5px 6px;white-space:nowrap;color:#555;"">濃醇 <strong>3/5</strong></td></tr>
<tr><td style=""padding:5px 6px;white-space:nowrap;color:#555;"">穏やか</td><td style=""padding:5px 6px;width:100%;""><div style=""background:#ece7dd;border-radius:6px;height:12px;""><div style=""background:#9c6b1f;width:40%;height:12px;border-radius:6px;""></div></div></td><td style=""padding:5px 6px;white-space:nowrap;color:#555;"">華やか <strong>2/5</strong></td></tr>
<tr><td style=""padding:5px 6px;white-space:nowrap;color:#555;"">おだやか</td><td style=""padding:5px 6px;width:100%;""><div style=""background:#ece7dd;border-radius:6px;height:12px;""><div style=""background:#9c6b1f;width:60%;height:12px;border-radius:6px;""></div></div></td><td style=""padding:5px 6px;white-space:nowrap;color:#555;"">酸味 <strong>3/5</strong></td></tr>
<tr><td style=""padding:5px 6px;white-space:nowrap;color:#555;"">まろやか</td><td style=""padding:5px 6px;width:100%;""><div style=""background:#ece7dd;border-radius:6px;height:12px;""><div style=""background:#9c6b1f;width:60%;height:12px;border-radius:6px;""></div></div></td><td style=""padding:5px 6px;white-space:nowrap;color:#555;"">キレ <strong>3/5</strong></td></tr>
</tbody></table>
<p style=""font-size:12px;color:#888;"">※甘辛・濃淡・香り・酸味・キレを5段階で表示しています。</p>
<h3>おすすめの飲み方・相性料理</h3>
<p>冷やから常温、ぬる燗までお楽しみいただけます。焼き魚や煮物などだしの効いた和食と好相性です。</p>
<h3>商品仕様</h3>
<table><tbody><tr><th>製造元</th><td>金井酒造店（神奈川県秦野市）</td></tr></tbody></table>
<h3>よくあるご質問</h3><dl><dt>おすすめの飲み方は？</dt><dd>冷やから常温、ぬる燗までお楽しみいただけます。</dd><dt>どんな料理に合いますか？</dt><dd>焼き魚や煮物、だしの効いた和食をはじめ、和食全般と好相性です。</dd><dt>保存方法は？</dt><dd>直射日光を避け、冷暗所で保管してください。開栓後はお早めにお召し上がりください。</dd></dl>",,,,,,,"[""冷や"", ""常温"", ""ぬる燗""]",焼き魚、煮物、だしの効いた和食,3,3,2,3,3
送料１,送料１：神奈川県,"<h2>送料１：神奈川県</h2>
<p>「送料１：神奈川県」は、神奈川県秦野市の金井酒造店が、環境省「全国名水百選」に選ばれた丹沢山系の伏流水で醸すです。</p>
<h3>味わいチャート</h3>
<table style=""border-collapse:collapse;width:100%;max-width:440px;font-size:13px;line-height:1.4;""><tbody>
<tr><td style=""padding:5px 6px;white-space:nowrap;color:#555;"">甘口</td><td style=""padding:5px 6px;width:100%;""><div style=""background:#ece7dd;border-radius:6px;height:12px;""><div style=""background:#9c6b1f;width:60%;height:12px;border-radius:6px;""></div></div></td><td style=""padding:5px 6px;white-space:nowrap;color:#555;"">辛口 <strong>3/5</strong></td></tr>
<tr><td style=""padding:5px 6px;white-space:nowrap;color:#555;"">淡麗</td><td style=""padding:5px 6px;width:100%;""><div style=""background:#ece7dd;border-radius:6px;height:12px;""><div style=""background:#9c6b1f;width:60%;height:12px;border-radius:6px;""></div></div></td><td style=""padding:5px 6px;white-space:nowrap;color:#555;"">濃醇 <strong>3/5</strong></td></tr>
<tr><td style=""padding:5px 6px;white-space:nowrap;color:#555;"">穏やか</td><td style=""padding:5px 6px;width:100%;""><div style=""background:#ece7dd;border-radius:6px;height:12px;""><div style=""background:#9c6b1f;width:40%;height:12px;border-radius:6px;""></div></div></td><td style=""padding:5px 6px;white-space:nowrap;color:#555;"">華やか <strong>2/5</strong></td></tr>
<tr><td style=""padding:5px 6px;white-space:nowrap;color:#555;"">おだやか</td><td style=""padding:5px 6px;width:100%;""><div style=""background:#ece7dd;border-radius:6px;height:12px;""><div style=""background:#9c6b1f;width:60%;height:12px;border-radius:6px;""></div></div></td><td style=""padding:5px 6px;white-space:nowrap;color:#555;"">酸味 <strong>3/5</strong></td></tr>
<tr><td style=""padding:5px 6px;white-space:nowrap;color:#555;"">まろやか</td><td style=""padding:5px 6px;width:100%;""><div style=""background:#ece7dd;border-radius:6px;height:12px;""><div style=""background:#9c6b1f;width:60%;height:12px;border-radius:6px;""></div></div></td><td style=""padding:5px 6px;white-space:nowrap;color:#555;"">キレ <strong>3/5</strong></td></tr>
</tbody></table>
<p style=""font-size:12px;color:#888;"">※甘辛・濃淡・香り・酸味・キレを5段階で表示しています。</p>
<h3>おすすめの飲み方・相性料理</h3>
<p>冷やから常温、ぬる燗までお楽しみいただけます。焼き魚や煮物などだしの効いた和食と好相性です。</p>
<h3>商品仕様</h3>
<table><tbody><tr><th>製造元</th><td>金井酒造店（神奈川県秦野市）</td></tr></tbody></table>
<h3>よくあるご質問</h3><dl><dt>おすすめの飲み方は？</dt><dd>冷やから常温、ぬる燗までお楽しみいただけます。</dd><dt>どんな料理に合いますか？</dt><dd>焼き魚や煮物、だしの効いた和食をはじめ、和食全般と好相性です。</dd><dt>保存方法は？</dt><dd>直射日光を避け、冷暗所で保管してください。開栓後はお早めにお召し上がりください。</dd></dl>",,,,,,,"[""冷や"", ""常温"", ""ぬる燗""]",焼き魚、煮物、だしの効いた和食,3,3,2,3,3
送料-２,送料２：北海道,"<h2>送料２：北海道</h2>
<p>「送料２：北海道」は、神奈川県秦野市の金井酒造店が、環境省「全国名水百選」に選ばれた丹沢山系の伏流水で醸すです。</p>
<h3>味わいチャート</h3>
<table style=""border-collapse:collapse;width:100%;max-width:440px;font-size:13px;line-height:1.4;""><tbody>
<tr><td style=""padding:5px 6px;white-space:nowrap;color:#555;"">甘口</td><td style=""padding:5px 6px;width:100%;""><div style=""background:#ece7dd;border-radius:6px;height:12px;""><div style=""background:#9c6b1f;width:60%;height:12px;border-radius:6px;""></div></div></td><td style=""padding:5px 6px;white-space:nowrap;color:#555;"">辛口 <strong>3/5</strong></td></tr>
<tr><td style=""padding:5px 6px;white-space:nowrap;color:#555;"">淡麗</td><td style=""padding:5px 6px;width:100%;""><div style=""background:#ece7dd;border-radius:6px;height:12px;""><div style=""background:#9c6b1f;width:60%;height:12px;border-radius:6px;""></div></div></td><td style=""padding:5px 6px;white-space:nowrap;color:#555;"">濃醇 <strong>3/5</strong></td></tr>
<tr><td style=""padding:5px 6px;white-space:nowrap;color:#555;"">穏やか</td><td style=""padding:5px 6px;width:100%;""><div style=""background:#ece7dd;border-radius:6px;height:12px;""><div style=""background:#9c6b1f;width:40%;height:12px;border-radius:6px;""></div></div></td><td style=""padding:5px 6px;white-space:nowrap;color:#555;"">華やか <strong>2/5</strong></td></tr>
<tr><td style=""padding:5px 6px;white-space:nowrap;color:#555;"">おだやか</td><td style=""padding:5px 6px;width:100%;""><div style=""background:#ece7dd;border-radius:6px;height:12px;""><div style=""background:#9c6b1f;width:60%;height:12px;border-radius:6px;""></div></div></td><td style=""padding:5px 6px;white-space:nowrap;color:#555;"">酸味 <strong>3/5</strong></td></tr>
<tr><td style=""padding:5px 6px;white-space:nowrap;color:#555;"">まろやか</td><td style=""padding:5px 6px;width:100%;""><div style=""background:#ece7dd;border-radius:6px;height:12px;""><div style=""background:#9c6b1f;width:60%;height:12px;border-radius:6px;""></div></div></td><td style=""padding:5px 6px;white-space:nowrap;color:#555;"">キレ <strong>3/5</strong></td></tr>
</tbody></table>
<p style=""font-size:12px;color:#888;"">※甘辛・濃淡・香り・酸味・キレを5段階で表示しています。</p>
<h3>おすすめの飲み方・相性料理</h3>
<p>冷やから常温、ぬる燗までお楽しみいただけます。焼き魚や煮物などだしの効いた和食と好相性です。</p>
<h3>商品仕様</h3>
<table><tbody><tr><th>製造元</th><td>金井酒造店（神奈川県秦野市）</td></tr></tbody></table>
<h3>よくあるご質問</h3><dl><dt>おすすめの飲み方は？</dt><dd>冷やから常温、ぬる燗までお楽しみいただけます。</dd><dt>どんな料理に合いますか？</dt><dd>焼き魚や煮物、だしの効いた和食をはじめ、和食全般と好相性です。</dd><dt>保存方法は？</dt><dd>直射日光を避け、冷暗所で保管してください。開栓後はお早めにお召し上がりください。</dd></dl>",,,,,,,"[""冷や"", ""常温"", ""ぬる燗""]",焼き魚、煮物、だしの効いた和食,3,3,2,3,3
送料-３,送料３：青森・秋田・岩手,"<h2>送料３：青森・秋田・岩手</h2>
<p>「送料３：青森・秋田・岩手」は、神奈川県秦野市の金井酒造店が、環境省「全国名水百選」に選ばれた丹沢山系の伏流水で醸すです。</p>
<h3>味わいチャート</h3>
<table style=""border-collapse:collapse;width:100%;max-width:440px;font-size:13px;line-height:1.4;""><tbody>
<tr><td style=""padding:5px 6px;white-space:nowrap;color:#555;"">甘口</td><td style=""padding:5px 6px;width:100%;""><div style=""background:#ece7dd;border-radius:6px;height:12px;""><div style=""background:#9c6b1f;width:60%;height:12px;border-radius:6px;""></div></div></td><td style=""padding:5px 6px;white-space:nowrap;color:#555;"">辛口 <strong>3/5</strong></td></tr>
<tr><td style=""padding:5px 6px;white-space:nowrap;color:#555;"">淡麗</td><td style=""padding:5px 6px;width:100%;""><div style=""background:#ece7dd;border-radius:6px;height:12px;""><div style=""background:#9c6b1f;width:60%;height:12px;border-radius:6px;""></div></div></td><td style=""padding:5px 6px;white-space:nowrap;color:#555;"">濃醇 <strong>3/5</strong></td></tr>
<tr><td style=""padding:5px 6px;white-space:nowrap;color:#555;"">穏やか</td><td style=""padding:5px 6px;width:100%;""><div style=""background:#ece7dd;border-radius:6px;height:12px;""><div style=""background:#9c6b1f;width:40%;height:12px;border-radius:6px;""></div></div></td><td style=""padding:5px 6px;white-space:nowrap;color:#555;"">華やか <strong>2/5</strong></td></tr>
<tr><td style=""padding:5px 6px;white-space:nowrap;color:#555;"">おだやか</td><td style=""padding:5px 6px;width:100%;""><div style=""background:#ece7dd;border-radius:6px;height:12px;""><div style=""background:#9c6b1f;width:60%;height:12px;border-radius:6px;""></div></div></td><td style=""padding:5px 6px;white-space:nowrap;color:#555;"">酸味 <strong>3/5</strong></td></tr>
<tr><td style=""padding:5px 6px;white-space:nowrap;color:#555;"">まろやか</td><td style=""padding:5px 6px;width:100%;""><div style=""background:#ece7dd;border-radius:6px;height:12px;""><div style=""background:#9c6b1f;width:60%;height:12px;border-radius:6px;""></div></div></td><td style=""padding:5px 6px;white-space:nowrap;color:#555;"">キレ <strong>3/5</strong></td></tr>
</tbody></table>
<p style=""font-size:12px;color:#888;"">※甘辛・濃淡・香り・酸味・キレを5段階で表示しています。</p>
<h3>おすすめの飲み方・相性料理</h3>
<p>冷やから常温、ぬる燗までお楽しみいただけます。焼き魚や煮物などだしの効いた和食と好相性です。</p>
<h3>商品仕様</h3>
<table><tbody><tr><th>製造元</th><td>金井酒造店（神奈川県秦野市）</td></tr></tbody></table>
<h3>よくあるご質問</h3><dl><dt>おすすめの飲み方は？</dt><dd>冷やから常温、ぬる燗までお楽しみいただけます。</dd><dt>どんな料理に合いますか？</dt><dd>焼き魚や煮物、だしの効いた和食をはじめ、和食全般と好相性です。</dd><dt>保存方法は？</dt><dd>直射日光を避け、冷暗所で保管してください。開栓後はお早めにお召し上がりください。</dd></dl>",,,,,,,"[""冷や"", ""常温"", ""ぬる燗""]",焼き魚、煮物、だしの効いた和食,3,3,2,3,3
送料-４,送料４：宮城・山形・福島,"<h2>送料４：宮城・山形・福島</h2>
<p>「送料４：宮城・山形・福島」は、神奈川県秦野市の金井酒造店が、環境省「全国名水百選」に選ばれた丹沢山系の伏流水で醸すです。</p>
<h3>味わいチャート</h3>
<table style=""border-collapse:collapse;width:100%;max-width:440px;font-size:13px;line-height:1.4;""><tbody>
<tr><td style=""padding:5px 6px;white-space:nowrap;color:#555;"">甘口</td><td style=""padding:5px 6px;width:100%;""><div style=""background:#ece7dd;border-radius:6px;height:12px;""><div style=""background:#9c6b1f;width:60%;height:12px;border-radius:6px;""></div></div></td><td style=""padding:5px 6px;white-space:nowrap;color:#555;"">辛口 <strong>3/5</strong></td></tr>
<tr><td style=""padding:5px 6px;white-space:nowrap;color:#555;"">淡麗</td><td style=""padding:5px 6px;width:100%;""><div style=""background:#ece7dd;border-radius:6px;height:12px;""><div style=""background:#9c6b1f;width:60%;height:12px;border-radius:6px;""></div></div></td><td style=""padding:5px 6px;white-space:nowrap;color:#555;"">濃醇 <strong>3/5</strong></td></tr>
<tr><td style=""padding:5px 6px;white-space:nowrap;color:#555;"">穏やか</td><td style=""padding:5px 6px;width:100%;""><div style=""background:#ece7dd;border-radius:6px;height:12px;""><div style=""background:#9c6b1f;width:40%;height:12px;border-radius:6px;""></div></div></td><td style=""padding:5px 6px;white-space:nowrap;color:#555;"">華やか <strong>2/5</strong></td></tr>
<tr><td style=""padding:5px 6px;white-space:nowrap;color:#555;"">おだやか</td><td style=""padding:5px 6px;width:100%;""><div style=""background:#ece7dd;border-radius:6px;height:12px;""><div style=""background:#9c6b1f;width:60%;height:12px;border-radius:6px;""></div></div></td><td style=""padding:5px 6px;white-space:nowrap;color:#555;"">酸味 <strong>3/5</strong></td></tr>
<tr><td style=""padding:5px 6px;white-space:nowrap;color:#555;"">まろやか</td><td style=""padding:5px 6px;width:100%;""><div style=""background:#ece7dd;border-radius:6px;height:12px;""><div style=""background:#9c6b1f;width:60%;height:12px;border-radius:6px;""></div></div></td><td style=""padding:5px 6px;white-space:nowrap;color:#555;"">キレ <strong>3/5</strong></td></tr>
</tbody></table>
<p style=""font-size:12px;color:#888;"">※甘辛・濃淡・香り・酸味・キレを5段階で表示しています。</p>
<h3>おすすめの飲み方・相性料理</h3>
<p>冷やから常温、ぬる燗までお楽しみいただけます。焼き魚や煮物などだしの効いた和食と好相性です。</p>
<h3>商品仕様</h3>
<table><tbody><tr><th>製造元</th><td>金井酒造店（神奈川県秦野市）</td></tr></tbody></table>
<h3>よくあるご質問</h3><dl><dt>おすすめの飲み方は？</dt><dd>冷やから常温、ぬる燗までお楽しみいただけます。</dd><dt>どんな料理に合いますか？</dt><dd>焼き魚や煮物、だしの効いた和食をはじめ、和食全般と好相性です。</dd><dt>保存方法は？</dt><dd>直射日光を避け、冷暗所で保管してください。開栓後はお早めにお召し上がりください。</dd></dl>",,,,,,,"[""冷や"", ""常温"", ""ぬる燗""]",焼き魚、煮物、だしの効いた和食,3,3,2,3,3
送料-５,送料５：茨城・栃木・群馬・埼玉・千葉・東京・山梨・新潟,"<h2>送料５：茨城・栃木・群馬・埼玉・千葉・東京・山梨・新潟</h2>
<p>「送料５：茨城・栃木・群馬・埼玉・千葉・東京・山梨・新潟」は、神奈川県秦野市の金井酒造店が、環境省「全国名水百選」に選ばれた丹沢山系の伏流水で醸すです。</p>
<h3>味わいチャート</h3>
<table style=""border-collapse:collapse;width:100%;max-width:440px;font-size:13px;line-height:1.4;""><tbody>
<tr><td style=""padding:5px 6px;white-space:nowrap;color:#555;"">甘口</td><td style=""padding:5px 6px;width:100%;""><div style=""background:#ece7dd;border-radius:6px;height:12px;""><div style=""background:#9c6b1f;width:60%;height:12px;border-radius:6px;""></div></div></td><td style=""padding:5px 6px;white-space:nowrap;color:#555;"">辛口 <strong>3/5</strong></td></tr>
<tr><td style=""padding:5px 6px;white-space:nowrap;color:#555;"">淡麗</td><td style=""padding:5px 6px;width:100%;""><div style=""background:#ece7dd;border-radius:6px;height:12px;""><div style=""background:#9c6b1f;width:60%;height:12px;border-radius:6px;""></div></div></td><td style=""padding:5px 6px;white-space:nowrap;color:#555;"">濃醇 <strong>3/5</strong></td></tr>
<tr><td style=""padding:5px 6px;white-space:nowrap;color:#555;"">穏やか</td><td style=""padding:5px 6px;width:100%;""><div style=""background:#ece7dd;border-radius:6px;height:12px;""><div style=""background:#9c6b1f;width:40%;height:12px;border-radius:6px;""></div></div></td><td style=""padding:5px 6px;white-space:nowrap;color:#555;"">華やか <strong>2/5</strong></td></tr>
<tr><td style=""padding:5px 6px;white-space:nowrap;color:#555;"">おだやか</td><td style=""padding:5px 6px;width:100%;""><div style=""background:#ece7dd;border-radius:6px;height:12px;""><div style=""background:#9c6b1f;width:60%;height:12px;border-radius:6px;""></div></div></td><td style=""padding:5px 6px;white-space:nowrap;color:#555;"">酸味 <strong>3/5</strong></td></tr>
<tr><td style=""padding:5px 6px;white-space:nowrap;color:#555;"">まろやか</td><td style=""padding:5px 6px;width:100%;""><div style=""background:#ece7dd;border-radius:6px;height:12px;""><div style=""background:#9c6b1f;width:60%;height:12px;border-radius:6px;""></div></div></td><td style=""padding:5px 6px;white-space:nowrap;color:#555;"">キレ <strong>3/5</strong></td></tr>
</tbody></table>
<p style=""font-size:12px;color:#888;"">※甘辛・濃淡・香り・酸味・キレを5段階で表示しています。</p>
<h3>おすすめの飲み方・相性料理</h3>
<p>冷やから常温、ぬる燗までお楽しみいただけます。焼き魚や煮物などだしの効いた和食と好相性です。</p>
<h3>商品仕様</h3>
<table><tbody><tr><th>製造元</th><td>金井酒造店（神奈川県秦野市）</td></tr></tbody></table>
<h3>よくあるご質問</h3><dl><dt>おすすめの飲み方は？</dt><dd>冷やから常温、ぬる燗までお楽しみいただけます。</dd><dt>どんな料理に合いますか？</dt><dd>焼き魚や煮物、だしの効いた和食をはじめ、和食全般と好相性です。</dd><dt>保存方法は？</dt><dd>直射日光を避け、冷暗所で保管してください。開栓後はお早めにお召し上がりください。</dd></dl>",,,,,,,"[""冷や"", ""常温"", ""ぬる燗""]",焼き魚、煮物、だしの効いた和食,3,3,2,3,3
送料-６,送料６：静岡・愛知・岐阜・三重・長野・富山・石川・福井,"<h2>送料６：静岡・愛知・岐阜・三重・長野・富山・石川・福井</h2>
<p>「送料６：静岡・愛知・岐阜・三重・長野・富山・石川・福井」は、神奈川県秦野市の金井酒造店が、環境省「全国名水百選」に選ばれた丹沢山系の伏流水で醸すです。</p>
<h3>味わいチャート</h3>
<table style=""border-collapse:collapse;width:100%;max-width:440px;font-size:13px;line-height:1.4;""><tbody>
<tr><td style=""padding:5px 6px;white-space:nowrap;color:#555;"">甘口</td><td style=""padding:5px 6px;width:100%;""><div style=""background:#ece7dd;border-radius:6px;height:12px;""><div style=""background:#9c6b1f;width:60%;height:12px;border-radius:6px;""></div></div></td><td style=""padding:5px 6px;white-space:nowrap;color:#555;"">辛口 <strong>3/5</strong></td></tr>
<tr><td style=""padding:5px 6px;white-space:nowrap;color:#555;"">淡麗</td><td style=""padding:5px 6px;width:100%;""><div style=""background:#ece7dd;border-radius:6px;height:12px;""><div style=""background:#9c6b1f;width:60%;height:12px;border-radius:6px;""></div></div></td><td style=""padding:5px 6px;white-space:nowrap;color:#555;"">濃醇 <strong>3/5</strong></td></tr>
<tr><td style=""padding:5px 6px;white-space:nowrap;color:#555;"">穏やか</td><td style=""padding:5px 6px;width:100%;""><div style=""background:#ece7dd;border-radius:6px;height:12px;""><div style=""background:#9c6b1f;width:40%;height:12px;border-radius:6px;""></div></div></td><td style=""padding:5px 6px;white-space:nowrap;color:#555;"">華やか <strong>2/5</strong></td></tr>
<tr><td style=""padding:5px 6px;white-space:nowrap;color:#555;"">おだやか</td><td style=""padding:5px 6px;width:100%;""><div style=""background:#ece7dd;border-radius:6px;height:12px;""><div style=""background:#9c6b1f;width:60%;height:12px;border-radius:6px;""></div></div></td><td style=""padding:5px 6px;white-space:nowrap;color:#555;"">酸味 <strong>3/5</strong></td></tr>
<tr><td style=""padding:5px 6px;white-space:nowrap;color:#555;"">まろやか</td><td style=""padding:5px 6px;width:100%;""><div style=""background:#ece7dd;border-radius:6px;height:12px;""><div style=""background:#9c6b1f;width:60%;height:12px;border-radius:6px;""></div></div></td><td style=""padding:5px 6px;white-space:nowrap;color:#555;"">キレ <strong>3/5</strong></td></tr>
</tbody></table>
<p style=""font-size:12px;color:#888;"">※甘辛・濃淡・香り・酸味・キレを5段階で表示しています。</p>
<h3>おすすめの飲み方・相性料理</h3>
<p>冷やから常温、ぬる燗までお楽しみいただけます。焼き魚や煮物などだしの効いた和食と好相性です。</p>
<h3>商品仕様</h3>
<table><tbody><tr><th>製造元</th><td>金井酒造店（神奈川県秦野市）</td></tr></tbody></table>
<h3>よくあるご質問</h3><dl><dt>おすすめの飲み方は？</dt><dd>冷やから常温、ぬる燗までお楽しみいただけます。</dd><dt>どんな料理に合いますか？</dt><dd>焼き魚や煮物、だしの効いた和食をはじめ、和食全般と好相性です。</dd><dt>保存方法は？</dt><dd>直射日光を避け、冷暗所で保管してください。開栓後はお早めにお召し上がりください。</dd></dl>",,,,,,,"[""冷や"", ""常温"", ""ぬる燗""]",焼き魚、煮物、だしの効いた和食,3,3,2,3,3
送料-７,送料７：滋賀・京都・奈良・和歌山・大阪・兵庫,"<h2>送料７：滋賀・京都・奈良・和歌山・大阪・兵庫</h2>
<p>「送料７：滋賀・京都・奈良・和歌山・大阪・兵庫」は、神奈川県秦野市の金井酒造店が、環境省「全国名水百選」に選ばれた丹沢山系の伏流水で醸すです。</p>
<h3>味わいチャート</h3>
<table style=""border-collapse:collapse;width:100%;max-width:440px;font-size:13px;line-height:1.4;""><tbody>
<tr><td style=""padding:5px 6px;white-space:nowrap;color:#555;"">甘口</td><td style=""padding:5px 6px;width:100%;""><div style=""background:#ece7dd;border-radius:6px;height:12px;""><div style=""background:#9c6b1f;width:60%;height:12px;border-radius:6px;""></div></div></td><td style=""padding:5px 6px;white-space:nowrap;color:#555;"">辛口 <strong>3/5</strong></td></tr>
<tr><td style=""padding:5px 6px;white-space:nowrap;color:#555;"">淡麗</td><td style=""padding:5px 6px;width:100%;""><div style=""background:#ece7dd;border-radius:6px;height:12px;""><div style=""background:#9c6b1f;width:60%;height:12px;border-radius:6px;""></div></div></td><td style=""padding:5px 6px;white-space:nowrap;color:#555;"">濃醇 <strong>3/5</strong></td></tr>
<tr><td style=""padding:5px 6px;white-space:nowrap;color:#555;"">穏やか</td><td style=""padding:5px 6px;width:100%;""><div style=""background:#ece7dd;border-radius:6px;height:12px;""><div style=""background:#9c6b1f;width:40%;height:12px;border-radius:6px;""></div></div></td><td style=""padding:5px 6px;white-space:nowrap;color:#555;"">華やか <strong>2/5</strong></td></tr>
<tr><td style=""padding:5px 6px;white-space:nowrap;color:#555;"">おだやか</td><td style=""padding:5px 6px;width:100%;""><div style=""background:#ece7dd;border-radius:6px;height:12px;""><div style=""background:#9c6b1f;width:60%;height:12px;border-radius:6px;""></div></div></td><td style=""padding:5px 6px;white-space:nowrap;color:#555;"">酸味 <strong>3/5</strong></td></tr>
<tr><td style=""padding:5px 6px;white-space:nowrap;color:#555;"">まろやか</td><td style=""padding:5px 6px;width:100%;""><div style=""background:#ece7dd;border-radius:6px;height:12px;""><div style=""background:#9c6b1f;width:60%;height:12px;border-radius:6px;""></div></div></td><td style=""padding:5px 6px;white-space:nowrap;color:#555;"">キレ <strong>3/5</strong></td></tr>
</tbody></table>
<p style=""font-size:12px;color:#888;"">※甘辛・濃淡・香り・酸味・キレを5段階で表示しています。</p>
<h3>おすすめの飲み方・相性料理</h3>
<p>冷やから常温、ぬる燗までお楽しみいただけます。焼き魚や煮物などだしの効いた和食と好相性です。</p>
<h3>商品仕様</h3>
<table><tbody><tr><th>製造元</th><td>金井酒造店（神奈川県秦野市）</td></tr></tbody></table>
<h3>よくあるご質問</h3><dl><dt>おすすめの飲み方は？</dt><dd>冷やから常温、ぬる燗までお楽しみいただけます。</dd><dt>どんな料理に合いますか？</dt><dd>焼き魚や煮物、だしの効いた和食をはじめ、和食全般と好相性です。</dd><dt>保存方法は？</dt><dd>直射日光を避け、冷暗所で保管してください。開栓後はお早めにお召し上がりください。</dd></dl>",,,,,,,"[""冷や"", ""常温"", ""ぬる燗""]",焼き魚、煮物、だしの効いた和食,3,3,2,3,3
送料-８,送料８：岡山・広島・山口・鳥取・島根,"<h2>送料８：岡山・広島・山口・鳥取・島根</h2>
<p>「送料８：岡山・広島・山口・鳥取・島根」は、神奈川県秦野市の金井酒造店が、環境省「全国名水百選」に選ばれた丹沢山系の伏流水で醸すです。</p>
<h3>味わいチャート</h3>
<table style=""border-collapse:collapse;width:100%;max-width:440px;font-size:13px;line-height:1.4;""><tbody>
<tr><td style=""padding:5px 6px;white-space:nowrap;color:#555;"">甘口</td><td style=""padding:5px 6px;width:100%;""><div style=""background:#ece7dd;border-radius:6px;height:12px;""><div style=""background:#9c6b1f;width:60%;height:12px;border-radius:6px;""></div></div></td><td style=""padding:5px 6px;white-space:nowrap;color:#555;"">辛口 <strong>3/5</strong></td></tr>
<tr><td style=""padding:5px 6px;white-space:nowrap;color:#555;"">淡麗</td><td style=""padding:5px 6px;width:100%;""><div style=""background:#ece7dd;border-radius:6px;height:12px;""><div style=""background:#9c6b1f;width:60%;height:12px;border-radius:6px;""></div></div></td><td style=""padding:5px 6px;white-space:nowrap;color:#555;"">濃醇 <strong>3/5</strong></td></tr>
<tr><td style=""padding:5px 6px;white-space:nowrap;color:#555;"">穏やか</td><td style=""padding:5px 6px;width:100%;""><div style=""background:#ece7dd;border-radius:6px;height:12px;""><div style=""background:#9c6b1f;width:40%;height:12px;border-radius:6px;""></div></div></td><td style=""padding:5px 6px;white-space:nowrap;color:#555;"">華やか <strong>2/5</strong></td></tr>
<tr><td style=""padding:5px 6px;white-space:nowrap;color:#555;"">おだやか</td><td style=""padding:5px 6px;width:100%;""><div style=""background:#ece7dd;border-radius:6px;height:12px;""><div style=""background:#9c6b1f;width:60%;height:12px;border-radius:6px;""></div></div></td><td style=""padding:5px 6px;white-space:nowrap;color:#555;"">酸味 <strong>3/5</strong></td></tr>
<tr><td style=""padding:5px 6px;white-space:nowrap;color:#555;"">まろやか</td><td style=""padding:5px 6px;width:100%;""><div style=""background:#ece7dd;border-radius:6px;height:12px;""><div style=""background:#9c6b1f;width:60%;height:12px;border-radius:6px;""></div></div></td><td style=""padding:5px 6px;white-space:nowrap;color:#555;"">キレ <strong>3/5</strong></td></tr>
</tbody></table>
<p style=""font-size:12px;color:#888;"">※甘辛・濃淡・香り・酸味・キレを5段階で表示しています。</p>
<h3>おすすめの飲み方・相性料理</h3>
<p>冷やから常温、ぬる燗までお楽しみいただけます。焼き魚や煮物などだしの効いた和食と好相性です。</p>
<h3>商品仕様</h3>
<table><tbody><tr><th>製造元</th><td>金井酒造店（神奈川県秦野市）</td></tr></tbody></table>
<h3>よくあるご質問</h3><dl><dt>おすすめの飲み方は？</dt><dd>冷やから常温、ぬる燗までお楽しみいただけます。</dd><dt>どんな料理に合いますか？</dt><dd>焼き魚や煮物、だしの効いた和食をはじめ、和食全般と好相性です。</dd><dt>保存方法は？</dt><dd>直射日光を避け、冷暗所で保管してください。開栓後はお早めにお召し上がりください。</dd></dl>",,,,,,,"[""冷や"", ""常温"", ""ぬる燗""]",焼き魚、煮物、だしの効いた和食,3,3,2,3,3
送料-9,送料９：香川・徳島・高知・愛媛,"<h2>送料９：香川・徳島・高知・愛媛</h2>
<p>「送料９：香川・徳島・高知・愛媛」は、神奈川県秦野市の金井酒造店が、環境省「全国名水百選」に選ばれた丹沢山系の伏流水で醸すです。</p>
<h3>味わいチャート</h3>
<table style=""border-collapse:collapse;width:100%;max-width:440px;font-size:13px;line-height:1.4;""><tbody>
<tr><td style=""padding:5px 6px;white-space:nowrap;color:#555;"">甘口</td><td style=""padding:5px 6px;width:100%;""><div style=""background:#ece7dd;border-radius:6px;height:12px;""><div style=""background:#9c6b1f;width:60%;height:12px;border-radius:6px;""></div></div></td><td style=""padding:5px 6px;white-space:nowrap;color:#555;"">辛口 <strong>3/5</strong></td></tr>
<tr><td style=""padding:5px 6px;white-space:nowrap;color:#555;"">淡麗</td><td style=""padding:5px 6px;width:100%;""><div style=""background:#ece7dd;border-radius:6px;height:12px;""><div style=""background:#9c6b1f;width:60%;height:12px;border-radius:6px;""></div></div></td><td style=""padding:5px 6px;white-space:nowrap;color:#555;"">濃醇 <strong>3/5</strong></td></tr>
<tr><td style=""padding:5px 6px;white-space:nowrap;color:#555;"">穏やか</td><td style=""padding:5px 6px;width:100%;""><div style=""background:#ece7dd;border-radius:6px;height:12px;""><div style=""background:#9c6b1f;width:40%;height:12px;border-radius:6px;""></div></div></td><td style=""padding:5px 6px;white-space:nowrap;color:#555;"">華やか <strong>2/5</strong></td></tr>
<tr><td style=""padding:5px 6px;white-space:nowrap;color:#555;"">おだやか</td><td style=""padding:5px 6px;width:100%;""><div style=""background:#ece7dd;border-radius:6px;height:12px;""><div style=""background:#9c6b1f;width:60%;height:12px;border-radius:6px;""></div></div></td><td style=""padding:5px 6px;white-space:nowrap;color:#555;"">酸味 <strong>3/5</strong></td></tr>
<tr><td style=""padding:5px 6px;white-space:nowrap;color:#555;"">まろやか</td><td style=""padding:5px 6px;width:100%;""><div style=""background:#ece7dd;border-radius:6px;height:12px;""><div style=""background:#9c6b1f;width:60%;height:12px;border-radius:6px;""></div></div></td><td style=""padding:5px 6px;white-space:nowrap;color:#555;"">キレ <strong>3/5</strong></td></tr>
</tbody></table>
<p style=""font-size:12px;color:#888;"">※甘辛・濃淡・香り・酸味・キレを5段階で表示しています。</p>
<h3>おすすめの飲み方・相性料理</h3>
<p>冷やから常温、ぬる燗までお楽しみいただけます。焼き魚や煮物などだしの効いた和食と好相性です。</p>
<h3>商品仕様</h3>
<table><tbody><tr><th>製造元</th><td>金井酒造店（神奈川県秦野市）</td></tr></tbody></table>
<h3>よくあるご質問</h3><dl><dt>おすすめの飲み方は？</dt><dd>冷やから常温、ぬる燗までお楽しみいただけます。</dd><dt>どんな料理に合いますか？</dt><dd>焼き魚や煮物、だしの効いた和食をはじめ、和食全般と好相性です。</dd><dt>保存方法は？</dt><dd>直射日光を避け、冷暗所で保管してください。開栓後はお早めにお召し上がりください。</dd></dl>",,,,,,,"[""冷や"", ""常温"", ""ぬる燗""]",焼き魚、煮物、だしの効いた和食,3,3,2,3,3
送料-10,送料１１：宮崎・熊本・鹿児島,"<h2>送料１１：宮崎・熊本・鹿児島</h2>
<p>「送料１１：宮崎・熊本・鹿児島」は、神奈川県秦野市の金井酒造店が、環境省「全国名水百選」に選ばれた丹沢山系の伏流水で醸すです。</p>
<h3>味わいチャート</h3>
<table style=""border-collapse:collapse;width:100%;max-width:440px;font-size:13px;line-height:1.4;""><tbody>
<tr><td style=""padding:5px 6px;white-space:nowrap;color:#555;"">甘口</td><td style=""padding:5px 6px;width:100%;""><div style=""background:#ece7dd;border-radius:6px;height:12px;""><div style=""background:#9c6b1f;width:60%;height:12px;border-radius:6px;""></div></div></td><td style=""padding:5px 6px;white-space:nowrap;color:#555;"">辛口 <strong>3/5</strong></td></tr>
<tr><td style=""padding:5px 6px;white-space:nowrap;color:#555;"">淡麗</td><td style=""padding:5px 6px;width:100%;""><div style=""background:#ece7dd;border-radius:6px;height:12px;""><div style=""background:#9c6b1f;width:60%;height:12px;border-radius:6px;""></div></div></td><td style=""padding:5px 6px;white-space:nowrap;color:#555;"">濃醇 <strong>3/5</strong></td></tr>
<tr><td style=""padding:5px 6px;white-space:nowrap;color:#555;"">穏やか</td><td style=""padding:5px 6px;width:100%;""><div style=""background:#ece7dd;border-radius:6px;height:12px;""><div style=""background:#9c6b1f;width:40%;height:12px;border-radius:6px;""></div></div></td><td style=""padding:5px 6px;white-space:nowrap;color:#555;"">華やか <strong>2/5</strong></td></tr>
<tr><td style=""padding:5px 6px;white-space:nowrap;color:#555;"">おだやか</td><td style=""padding:5px 6px;width:100%;""><div style=""background:#ece7dd;border-radius:6px;height:12px;""><div style=""background:#9c6b1f;width:60%;height:12px;border-radius:6px;""></div></div></td><td style=""padding:5px 6px;white-space:nowrap;color:#555;"">酸味 <strong>3/5</strong></td></tr>
<tr><td style=""padding:5px 6px;white-space:nowrap;color:#555;"">まろやか</td><td style=""padding:5px 6px;width:100%;""><div style=""background:#ece7dd;border-radius:6px;height:12px;""><div style=""background:#9c6b1f;width:60%;height:12px;border-radius:6px;""></div></div></td><td style=""padding:5px 6px;white-space:nowrap;color:#555;"">キレ <strong>3/5</strong></td></tr>
</tbody></table>
<p style=""font-size:12px;color:#888;"">※甘辛・濃淡・香り・酸味・キレを5段階で表示しています。</p>
<h3>おすすめの飲み方・相性料理</h3>
<p>冷やから常温、ぬる燗までお楽しみいただけます。焼き魚や煮物などだしの効いた和食と好相性です。</p>
<h3>商品仕様</h3>
<table><tbody><tr><th>製造元</th><td>金井酒造店（神奈川県秦野市）</td></tr></tbody></table>
<h3>よくあるご質問</h3><dl><dt>おすすめの飲み方は？</dt><dd>冷やから常温、ぬる燗までお楽しみいただけます。</dd><dt>どんな料理に合いますか？</dt><dd>焼き魚や煮物、だしの効いた和食をはじめ、和食全般と好相性です。</dd><dt>保存方法は？</dt><dd>直射日光を避け、冷暗所で保管してください。開栓後はお早めにお召し上がりください。</dd></dl>",,,,,,,"[""冷や"", ""常温"", ""ぬる燗""]",焼き魚、煮物、だしの効いた和食,3,3,2,3,3
送料-12,送料１２：沖縄,"<h2>送料１２：沖縄</h2>
<p>「送料１２：沖縄」は、神奈川県秦野市の金井酒造店が、環境省「全国名水百選」に選ばれた丹沢山系の伏流水で醸すです。</p>
<h3>味わいチャート</h3>
<table style=""border-collapse:collapse;width:100%;max-width:440px;font-size:13px;line-height:1.4;""><tbody>
<tr><td style=""padding:5px 6px;white-space:nowrap;color:#555;"">甘口</td><td style=""padding:5px 6px;width:100%;""><div style=""background:#ece7dd;border-radius:6px;height:12px;""><div style=""background:#9c6b1f;width:60%;height:12px;border-radius:6px;""></div></div></td><td style=""padding:5px 6px;white-space:nowrap;color:#555;"">辛口 <strong>3/5</strong></td></tr>
<tr><td style=""padding:5px 6px;white-space:nowrap;color:#555;"">淡麗</td><td style=""padding:5px 6px;width:100%;""><div style=""background:#ece7dd;border-radius:6px;height:12px;""><div style=""background:#9c6b1f;width:60%;height:12px;border-radius:6px;""></div></div></td><td style=""padding:5px 6px;white-space:nowrap;color:#555;"">濃醇 <strong>3/5</strong></td></tr>
<tr><td style=""padding:5px 6px;white-space:nowrap;color:#555;"">穏やか</td><td style=""padding:5px 6px;width:100%;""><div style=""background:#ece7dd;border-radius:6px;height:12px;""><div style=""background:#9c6b1f;width:40%;height:12px;border-radius:6px;""></div></div></td><td style=""padding:5px 6px;white-space:nowrap;color:#555;"">華やか <strong>2/5</strong></td></tr>
<tr><td style=""padding:5px 6px;white-space:nowrap;color:#555;"">おだやか</td><td style=""padding:5px 6px;width:100%;""><div style=""background:#ece7dd;border-radius:6px;height:12px;""><div style=""background:#9c6b1f;width:60%;height:12px;border-radius:6px;""></div></div></td><td style=""padding:5px 6px;white-space:nowrap;color:#555;"">酸味 <strong>3/5</strong></td></tr>
<tr><td style=""padding:5px 6px;white-space:nowrap;color:#555;"">まろやか</td><td style=""padding:5px 6px;width:100%;""><div style=""background:#ece7dd;border-radius:6px;height:12px;""><div style=""background:#9c6b1f;width:60%;height:12px;border-radius:6px;""></div></div></td><td style=""padding:5px 6px;white-space:nowrap;color:#555;"">キレ <strong>3/5</strong></td></tr>
</tbody></table>
<p style=""font-size:12px;color:#888;"">※甘辛・濃淡・香り・酸味・キレを5段階で表示しています。</p>
<h3>おすすめの飲み方・相性料理</h3>
<p>冷やから常温、ぬる燗までお楽しみいただけます。焼き魚や煮物などだしの効いた和食と好相性です。</p>
<h3>商品仕様</h3>
<table><tbody><tr><th>製造元</th><td>金井酒造店（神奈川県秦野市）</td></tr></tbody></table>
<h3>よくあるご質問</h3><dl><dt>おすすめの飲み方は？</dt><dd>冷やから常温、ぬる燗までお楽しみいただけます。</dd><dt>どんな料理に合いますか？</dt><dd>焼き魚や煮物、だしの効いた和食をはじめ、和食全般と好相性です。</dd><dt>保存方法は？</dt><dd>直射日光を避け、冷暗所で保管してください。開栓後はお早めにお召し上がりください。</dd></dl>",,,,,,,"[""冷や"", ""常温"", ""ぬる燗""]",焼き魚、煮物、だしの効いた和食,3,3,2,3,3
送料-11,送料１０：福岡・佐賀・大分・長崎,"<h2>送料１０：福岡・佐賀・大分・長崎</h2>
<p>「送料１０：福岡・佐賀・大分・長崎」は、神奈川県秦野市の金井酒造店が、環境省「全国名水百選」に選ばれた丹沢山系の伏流水で醸すです。</p>
<h3>味わいチャート</h3>
<table style=""border-collapse:collapse;width:100%;max-width:440px;font-size:13px;line-height:1.4;""><tbody>
<tr><td style=""padding:5px 6px;white-space:nowrap;color:#555;"">甘口</td><td style=""padding:5px 6px;width:100%;""><div style=""background:#ece7dd;border-radius:6px;height:12px;""><div style=""background:#9c6b1f;width:60%;height:12px;border-radius:6px;""></div></div></td><td style=""padding:5px 6px;white-space:nowrap;color:#555;"">辛口 <strong>3/5</strong></td></tr>
<tr><td style=""padding:5px 6px;white-space:nowrap;color:#555;"">淡麗</td><td style=""padding:5px 6px;width:100%;""><div style=""background:#ece7dd;border-radius:6px;height:12px;""><div style=""background:#9c6b1f;width:60%;height:12px;border-radius:6px;""></div></div></td><td style=""padding:5px 6px;white-space:nowrap;color:#555;"">濃醇 <strong>3/5</strong></td></tr>
<tr><td style=""padding:5px 6px;white-space:nowrap;color:#555;"">穏やか</td><td style=""padding:5px 6px;width:100%;""><div style=""background:#ece7dd;border-radius:6px;height:12px;""><div style=""background:#9c6b1f;width:40%;height:12px;border-radius:6px;""></div></div></td><td style=""padding:5px 6px;white-space:nowrap;color:#555;"">華やか <strong>2/5</strong></td></tr>
<tr><td style=""padding:5px 6px;white-space:nowrap;color:#555;"">おだやか</td><td style=""padding:5px 6px;width:100%;""><div style=""background:#ece7dd;border-radius:6px;height:12px;""><div style=""background:#9c6b1f;width:60%;height:12px;border-radius:6px;""></div></div></td><td style=""padding:5px 6px;white-space:nowrap;color:#555;"">酸味 <strong>3/5</strong></td></tr>
<tr><td style=""padding:5px 6px;white-space:nowrap;color:#555;"">まろやか</td><td style=""padding:5px 6px;width:100%;""><div style=""background:#ece7dd;border-radius:6px;height:12px;""><div style=""background:#9c6b1f;width:60%;height:12px;border-radius:6px;""></div></div></td><td style=""padding:5px 6px;white-space:nowrap;color:#555;"">キレ <strong>3/5</strong></td></tr>
</tbody></table>
<p style=""font-size:12px;color:#888;"">※甘辛・濃淡・香り・酸味・キレを5段階で表示しています。</p>
<h3>おすすめの飲み方・相性料理</h3>
<p>冷やから常温、ぬる燗までお楽しみいただけます。焼き魚や煮物などだしの効いた和食と好相性です。</p>
<h3>商品仕様</h3>
<table><tbody><tr><th>製造元</th><td>金井酒造店（神奈川県秦野市）</td></tr></tbody></table>
<h3>よくあるご質問</h3><dl><dt>おすすめの飲み方は？</dt><dd>冷やから常温、ぬる燗までお楽しみいただけます。</dd><dt>どんな料理に合いますか？</dt><dd>焼き魚や煮物、だしの効いた和食をはじめ、和食全般と好相性です。</dd><dt>保存方法は？</dt><dd>直射日光を避け、冷暗所で保管してください。開栓後はお早めにお召し上がりください。</dd></dl>",,,,,,,"[""冷や"", ""常温"", ""ぬる燗""]",焼き魚、煮物、だしの効いた和食,3,3,2,3,3
クール便,送料：クール便,"<h2>送料：クール便</h2>
<p>「送料：クール便」は、神奈川県秦野市の金井酒造店が、環境省「全国名水百選」に選ばれた丹沢山系の伏流水で醸すです。</p>
<h3>味わいチャート</h3>
<table style=""border-collapse:collapse;width:100%;max-width:440px;font-size:13px;line-height:1.4;""><tbody>
<tr><td style=""padding:5px 6px;white-space:nowrap;color:#555;"">甘口</td><td style=""padding:5px 6px;width:100%;""><div style=""background:#ece7dd;border-radius:6px;height:12px;""><div style=""background:#9c6b1f;width:60%;height:12px;border-radius:6px;""></div></div></td><td style=""padding:5px 6px;white-space:nowrap;color:#555;"">辛口 <strong>3/5</strong></td></tr>
<tr><td style=""padding:5px 6px;white-space:nowrap;color:#555;"">淡麗</td><td style=""padding:5px 6px;width:100%;""><div style=""background:#ece7dd;border-radius:6px;height:12px;""><div style=""background:#9c6b1f;width:60%;height:12px;border-radius:6px;""></div></div></td><td style=""padding:5px 6px;white-space:nowrap;color:#555;"">濃醇 <strong>3/5</strong></td></tr>
<tr><td style=""padding:5px 6px;white-space:nowrap;color:#555;"">穏やか</td><td style=""padding:5px 6px;width:100%;""><div style=""background:#ece7dd;border-radius:6px;height:12px;""><div style=""background:#9c6b1f;width:40%;height:12px;border-radius:6px;""></div></div></td><td style=""padding:5px 6px;white-space:nowrap;color:#555;"">華やか <strong>2/5</strong></td></tr>
<tr><td style=""padding:5px 6px;white-space:nowrap;color:#555;"">おだやか</td><td style=""padding:5px 6px;width:100%;""><div style=""background:#ece7dd;border-radius:6px;height:12px;""><div style=""background:#9c6b1f;width:60%;height:12px;border-radius:6px;""></div></div></td><td style=""padding:5px 6px;white-space:nowrap;color:#555;"">酸味 <strong>3/5</strong></td></tr>
<tr><td style=""padding:5px 6px;white-space:nowrap;color:#555;"">まろやか</td><td style=""padding:5px 6px;width:100%;""><div style=""background:#ece7dd;border-radius:6px;height:12px;""><div style=""background:#9c6b1f;width:60%;height:12px;border-radius:6px;""></div></div></td><td style=""padding:5px 6px;white-space:nowrap;color:#555;"">キレ <strong>3/5</strong></td></tr>
</tbody></table>
<p style=""font-size:12px;color:#888;"">※甘辛・濃淡・香り・酸味・キレを5段階で表示しています。</p>
<h3>おすすめの飲み方・相性料理</h3>
<p>冷やから常温、ぬる燗までお楽しみいただけます。焼き魚や煮物などだしの効いた和食と好相性です。</p>
<h3>商品仕様</h3>
<table><tbody><tr><th>製造元</th><td>金井酒造店（神奈川県秦野市）</td></tr></tbody></table>
<h3>よくあるご質問</h3><dl><dt>おすすめの飲み方は？</dt><dd>冷やから常温、ぬる燗までお楽しみいただけます。</dd><dt>どんな料理に合いますか？</dt><dd>焼き魚や煮物、だしの効いた和食をはじめ、和食全般と好相性です。</dd><dt>保存方法は？</dt><dd>直射日光を避け、冷暗所で保管してください。開栓後はお早めにお召し上がりください。</dd></dl>",,,,,,,"[""冷や"", ""常温"", ""ぬる燗""]",焼き魚、煮物、だしの効いた和食,3,3,2,3,3
酒粕-５kg,酒粕　５Kg,"<h2>酒粕　５Kg</h2>
<p>「酒粕　５Kg」は、神奈川県秦野市の金井酒造店が、環境省「全国名水百選」に選ばれた丹沢山系の伏流水で醸すです。</p>
<h3>味わいチャート</h3>
<table style=""border-collapse:collapse;width:100%;max-width:440px;font-size:13px;line-height:1.4;""><tbody>
<tr><td style=""padding:5px 6px;white-space:nowrap;color:#555;"">甘口</td><td style=""padding:5px 6px;width:100%;""><div style=""background:#ece7dd;border-radius:6px;height:12px;""><div style=""background:#9c6b1f;width:60%;height:12px;border-radius:6px;""></div></div></td><td style=""padding:5px 6px;white-space:nowrap;color:#555;"">辛口 <strong>3/5</strong></td></tr>
<tr><td style=""padding:5px 6px;white-space:nowrap;color:#555;"">淡麗</td><td style=""padding:5px 6px;width:100%;""><div style=""background:#ece7dd;border-radius:6px;height:12px;""><div style=""background:#9c6b1f;width:60%;height:12px;border-radius:6px;""></div></div></td><td style=""padding:5px 6px;white-space:nowrap;color:#555;"">濃醇 <strong>3/5</strong></td></tr>
<tr><td style=""padding:5px 6px;white-space:nowrap;color:#555;"">穏やか</td><td style=""padding:5px 6px;width:100%;""><div style=""background:#ece7dd;border-radius:6px;height:12px;""><div style=""background:#9c6b1f;width:40%;height:12px;border-radius:6px;""></div></div></td><td style=""padding:5px 6px;white-space:nowrap;color:#555;"">華やか <strong>2/5</strong></td></tr>
<tr><td style=""padding:5px 6px;white-space:nowrap;color:#555;"">おだやか</td><td style=""padding:5px 6px;width:100%;""><div style=""background:#ece7dd;border-radius:6px;height:12px;""><div style=""background:#9c6b1f;width:60%;height:12px;border-radius:6px;""></div></div></td><td style=""padding:5px 6px;white-space:nowrap;color:#555;"">酸味 <strong>3/5</strong></td></tr>
<tr><td style=""padding:5px 6px;white-space:nowrap;color:#555;"">まろやか</td><td style=""padding:5px 6px;width:100%;""><div style=""background:#ece7dd;border-radius:6px;height:12px;""><div style=""background:#9c6b1f;width:60%;height:12px;border-radius:6px;""></div></div></td><td style=""padding:5px 6px;white-space:nowrap;color:#555;"">キレ <strong>3/5</strong></td></tr>
</tbody></table>
<p style=""font-size:12px;color:#888;"">※甘辛・濃淡・香り・酸味・キレを5段階で表示しています。</p>
<h3>おすすめの飲み方・相性料理</h3>
<p>冷やから常温、ぬる燗までお楽しみいただけます。焼き魚や煮物などだしの効いた和食と好相性です。</p>
<h3>商品仕様</h3>
<table><tbody><tr><th>製造元</th><td>金井酒造店（神奈川県秦野市）</td></tr></tbody></table>
<h3>よくあるご質問</h3><dl><dt>おすすめの飲み方は？</dt><dd>冷やから常温、ぬる燗までお楽しみいただけます。</dd><dt>どんな料理に合いますか？</dt><dd>焼き魚や煮物、だしの効いた和食をはじめ、和食全般と好相性です。</dd><dt>保存方法は？</dt><dd>直射日光を避け、冷暗所で保管してください。開栓後はお早めにお召し上がりください。</dd></dl>",,,,,,,"[""冷や"", ""常温"", ""ぬる燗""]",焼き魚、煮物、だしの効いた和食,3,3,2,3,3
新-ほおずき-300ml,新・ほおずき　300ml,"<h2>新・ほおずき　300ml</h2>
<p>「新・ほおずき　300ml」は、神奈川県秦野市の金井酒造店が、環境省「全国名水百選」に選ばれた丹沢山系の伏流水で醸すです。</p>
<h3>味わいチャート</h3>
<table style=""border-collapse:collapse;width:100%;max-width:440px;font-size:13px;line-height:1.4;""><tbody>
<tr><td style=""padding:5px 6px;white-space:nowrap;color:#555;"">甘口</td><td style=""padding:5px 6px;width:100%;""><div style=""background:#ece7dd;border-radius:6px;height:12px;""><div style=""background:#9c6b1f;width:60%;height:12px;border-radius:6px;""></div></div></td><td style=""padding:5px 6px;white-space:nowrap;color:#555;"">辛口 <strong>3/5</strong></td></tr>
<tr><td style=""padding:5px 6px;white-space:nowrap;color:#555;"">淡麗</td><td style=""padding:5px 6px;width:100%;""><div style=""background:#ece7dd;border-radius:6px;height:12px;""><div style=""background:#9c6b1f;width:60%;height:12px;border-radius:6px;""></div></div></td><td style=""padding:5px 6px;white-space:nowrap;color:#555;"">濃醇 <strong>3/5</strong></td></tr>
<tr><td style=""padding:5px 6px;white-space:nowrap;color:#555;"">穏やか</td><td style=""padding:5px 6px;width:100%;""><div style=""background:#ece7dd;border-radius:6px;height:12px;""><div style=""background:#9c6b1f;width:40%;height:12px;border-radius:6px;""></div></div></td><td style=""padding:5px 6px;white-space:nowrap;color:#555;"">華やか <strong>2/5</strong></td></tr>
<tr><td style=""padding:5px 6px;white-space:nowrap;color:#555;"">おだやか</td><td style=""padding:5px 6px;width:100%;""><div style=""background:#ece7dd;border-radius:6px;height:12px;""><div style=""background:#9c6b1f;width:60%;height:12px;border-radius:6px;""></div></div></td><td style=""padding:5px 6px;white-space:nowrap;color:#555;"">酸味 <strong>3/5</strong></td></tr>
<tr><td style=""padding:5px 6px;white-space:nowrap;color:#555;"">まろやか</td><td style=""padding:5px 6px;width:100%;""><div style=""background:#ece7dd;border-radius:6px;height:12px;""><div style=""background:#9c6b1f;width:60%;height:12px;border-radius:6px;""></div></div></td><td style=""padding:5px 6px;white-space:nowrap;color:#555;"">キレ <strong>3/5</strong></td></tr>
</tbody></table>
<p style=""font-size:12px;color:#888;"">※甘辛・濃淡・香り・酸味・キレを5段階で表示しています。</p>
<h3>おすすめの飲み方・相性料理</h3>
<p>冷やから常温、ぬる燗までお楽しみいただけます。焼き魚や煮物などだしの効いた和食と好相性です。</p>
<h3>商品仕様</h3>
<table><tbody><tr><th>製造元</th><td>金井酒造店（神奈川県秦野市）</td></tr></tbody></table>
<h3>よくあるご質問</h3><dl><dt>おすすめの飲み方は？</dt><dd>冷やから常温、ぬる燗までお楽しみいただけます。</dd><dt>どんな料理に合いますか？</dt><dd>焼き魚や煮物、だしの効いた和食をはじめ、和食全般と好相性です。</dd><dt>保存方法は？</dt><dd>直射日光を避け、冷暗所で保管してください。開栓後はお早めにお召し上がりください。</dd></dl>",,,,,,,"[""冷や"", ""常温"", ""ぬる燗""]",焼き魚、煮物、だしの効いた和食,3,3,2,3,3
giftbag,手提げ袋,"<h2>手提げ袋</h2>
<p>「手提げ袋」は、神奈川県秦野市の金井酒造店が、環境省「全国名水百選」に選ばれた丹沢山系の伏流水で醸すです。</p>
<h3>味わいチャート</h3>
<table style=""border-collapse:collapse;width:100%;max-width:440px;font-size:13px;line-height:1.4;""><tbody>
<tr><td style=""padding:5px 6px;white-space:nowrap;color:#555;"">甘口</td><td style=""padding:5px 6px;width:100%;""><div style=""background:#ece7dd;border-radius:6px;height:12px;""><div style=""background:#9c6b1f;width:60%;height:12px;border-radius:6px;""></div></div></td><td style=""padding:5px 6px;white-space:nowrap;color:#555;"">辛口 <strong>3/5</strong></td></tr>
<tr><td style=""padding:5px 6px;white-space:nowrap;color:#555;"">淡麗</td><td style=""padding:5px 6px;width:100%;""><div style=""background:#ece7dd;border-radius:6px;height:12px;""><div style=""background:#9c6b1f;width:60%;height:12px;border-radius:6px;""></div></div></td><td style=""padding:5px 6px;white-space:nowrap;color:#555;"">濃醇 <strong>3/5</strong></td></tr>
<tr><td style=""padding:5px 6px;white-space:nowrap;color:#555;"">穏やか</td><td style=""padding:5px 6px;width:100%;""><div style=""background:#ece7dd;border-radius:6px;height:12px;""><div style=""background:#9c6b1f;width:40%;height:12px;border-radius:6px;""></div></div></td><td style=""padding:5px 6px;white-space:nowrap;color:#555;"">華やか <strong>2/5</strong></td></tr>
<tr><td style=""padding:5px 6px;white-space:nowrap;color:#555;"">おだやか</td><td style=""padding:5px 6px;width:100%;""><div style=""background:#ece7dd;border-radius:6px;height:12px;""><div style=""background:#9c6b1f;width:60%;height:12px;border-radius:6px;""></div></div></td><td style=""padding:5px 6px;white-space:nowrap;color:#555;"">酸味 <strong>3/5</strong></td></tr>
<tr><td style=""padding:5px 6px;white-space:nowrap;color:#555;"">まろやか</td><td style=""padding:5px 6px;width:100%;""><div style=""background:#ece7dd;border-radius:6px;height:12px;""><div style=""background:#9c6b1f;width:60%;height:12px;border-radius:6px;""></div></div></td><td style=""padding:5px 6px;white-space:nowrap;color:#555;"">キレ <strong>3/5</strong></td></tr>
</tbody></table>
<p style=""font-size:12px;color:#888;"">※甘辛・濃淡・香り・酸味・キレを5段階で表示しています。</p>
<h3>おすすめの飲み方・相性料理</h3>
<p>冷やから常温、ぬる燗までお楽しみいただけます。焼き魚や煮物などだしの効いた和食と好相性です。</p>
<h3>商品仕様</h3>
<table><tbody><tr><th>製造元</th><td>金井酒造店（神奈川県秦野市）</td></tr></tbody></table>
<h3>よくあるご質問</h3><dl><dt>おすすめの飲み方は？</dt><dd>冷やから常温、ぬる燗までお楽しみいただけます。</dd><dt>どんな料理に合いますか？</dt><dd>焼き魚や煮物、だしの効いた和食をはじめ、和食全般と好相性です。</dd><dt>保存方法は？</dt><dd>直射日光を避け、冷暗所で保管してください。開栓後はお早めにお召し上がりください。</dd></dl>",,,,,,,"[""冷や"", ""常温"", ""ぬる燗""]",焼き魚、煮物、だしの効いた和食,3,3,2,3,3
店頭用-大吟-若水-セット,【店頭用】大吟・若水 セット,"<h2>【店頭用】大吟・若水 セット</h2>
<p>「【店頭用】大吟・若水 セット」は、神奈川県秦野市の金井酒造店が、環境省「全国名水百選」に選ばれた丹沢山系の伏流水で醸すです。</p>
<h3>味わいチャート</h3>
<table style=""border-collapse:collapse;width:100%;max-width:440px;font-size:13px;line-height:1.4;""><tbody>
<tr><td style=""padding:5px 6px;white-space:nowrap;color:#555;"">甘口</td><td style=""padding:5px 6px;width:100%;""><div style=""background:#ece7dd;border-radius:6px;height:12px;""><div style=""background:#9c6b1f;width:60%;height:12px;border-radius:6px;""></div></div></td><td style=""padding:5px 6px;white-space:nowrap;color:#555;"">辛口 <strong>3/5</strong></td></tr>
<tr><td style=""padding:5px 6px;white-space:nowrap;color:#555;"">淡麗</td><td style=""padding:5px 6px;width:100%;""><div style=""background:#ece7dd;border-radius:6px;height:12px;""><div style=""background:#9c6b1f;width:60%;height:12px;border-radius:6px;""></div></div></td><td style=""padding:5px 6px;white-space:nowrap;color:#555;"">濃醇 <strong>3/5</strong></td></tr>
<tr><td style=""padding:5px 6px;white-space:nowrap;color:#555;"">穏やか</td><td style=""padding:5px 6px;width:100%;""><div style=""background:#ece7dd;border-radius:6px;height:12px;""><div style=""background:#9c6b1f;width:40%;height:12px;border-radius:6px;""></div></div></td><td style=""padding:5px 6px;white-space:nowrap;color:#555;"">華やか <strong>2/5</strong></td></tr>
<tr><td style=""padding:5px 6px;white-space:nowrap;color:#555;"">おだやか</td><td style=""padding:5px 6px;width:100%;""><div style=""background:#ece7dd;border-radius:6px;height:12px;""><div style=""background:#9c6b1f;width:60%;height:12px;border-radius:6px;""></div></div></td><td style=""padding:5px 6px;white-space:nowrap;color:#555;"">酸味 <strong>3/5</strong></td></tr>
<tr><td style=""padding:5px 6px;white-space:nowrap;color:#555;"">まろやか</td><td style=""padding:5px 6px;width:100%;""><div style=""background:#ece7dd;border-radius:6px;height:12px;""><div style=""background:#9c6b1f;width:60%;height:12px;border-radius:6px;""></div></div></td><td style=""padding:5px 6px;white-space:nowrap;color:#555;"">キレ <strong>3/5</strong></td></tr>
</tbody></table>
<p style=""font-size:12px;color:#888;"">※甘辛・濃淡・香り・酸味・キレを5段階で表示しています。</p>
<h3>おすすめの飲み方・相性料理</h3>
<p>冷やから常温、ぬる燗までお楽しみいただけます。焼き魚や煮物などだしの効いた和食と好相性です。</p>
<h3>商品仕様</h3>
<table><tbody><tr><th>製造元</th><td>金井酒造店（神奈川県秦野市）</td></tr></tbody></table>
<h3>よくあるご質問</h3><dl><dt>おすすめの飲み方は？</dt><dd>冷やから常温、ぬる燗までお楽しみいただけます。</dd><dt>どんな料理に合いますか？</dt><dd>焼き魚や煮物、だしの効いた和食をはじめ、和食全般と好相性です。</dd><dt>保存方法は？</dt><dd>直射日光を避け、冷暗所で保管してください。開栓後はお早めにお召し上がりください。</dd></dl>",,,,,,,"[""冷や"", ""常温"", ""ぬる燗""]",焼き魚、煮物、だしの効いた和食,3,3,2,3,3
noshi,熨斗・包装,"<h2>熨斗・包装</h2>
<p>「熨斗・包装」は、神奈川県秦野市の金井酒造店が、環境省「全国名水百選」に選ばれた丹沢山系の伏流水で醸すです。</p>
<h3>味わいチャート</h3>
<table style=""border-collapse:collapse;width:100%;max-width:440px;font-size:13px;line-height:1.4;""><tbody>
<tr><td style=""padding:5px 6px;white-space:nowrap;color:#555;"">甘口</td><td style=""padding:5px 6px;width:100%;""><div style=""background:#ece7dd;border-radius:6px;height:12px;""><div style=""background:#9c6b1f;width:60%;height:12px;border-radius:6px;""></div></div></td><td style=""padding:5px 6px;white-space:nowrap;color:#555;"">辛口 <strong>3/5</strong></td></tr>
<tr><td style=""padding:5px 6px;white-space:nowrap;color:#555;"">淡麗</td><td style=""padding:5px 6px;width:100%;""><div style=""background:#ece7dd;border-radius:6px;height:12px;""><div style=""background:#9c6b1f;width:60%;height:12px;border-radius:6px;""></div></div></td><td style=""padding:5px 6px;white-space:nowrap;color:#555;"">濃醇 <strong>3/5</strong></td></tr>
<tr><td style=""padding:5px 6px;white-space:nowrap;color:#555;"">穏やか</td><td style=""padding:5px 6px;width:100%;""><div style=""background:#ece7dd;border-radius:6px;height:12px;""><div style=""background:#9c6b1f;width:40%;height:12px;border-radius:6px;""></div></div></td><td style=""padding:5px 6px;white-space:nowrap;color:#555;"">華やか <strong>2/5</strong></td></tr>
<tr><td style=""padding:5px 6px;white-space:nowrap;color:#555;"">おだやか</td><td style=""padding:5px 6px;width:100%;""><div style=""background:#ece7dd;border-radius:6px;height:12px;""><div style=""background:#9c6b1f;width:60%;height:12px;border-radius:6px;""></div></div></td><td style=""padding:5px 6px;white-space:nowrap;color:#555;"">酸味 <strong>3/5</strong></td></tr>
<tr><td style=""padding:5px 6px;white-space:nowrap;color:#555;"">まろやか</td><td style=""padding:5px 6px;width:100%;""><div style=""background:#ece7dd;border-radius:6px;height:12px;""><div style=""background:#9c6b1f;width:60%;height:12px;border-radius:6px;""></div></div></td><td style=""padding:5px 6px;white-space:nowrap;color:#555;"">キレ <strong>3/5</strong></td></tr>
</tbody></table>
<p style=""font-size:12px;color:#888;"">※甘辛・濃淡・香り・酸味・キレを5段階で表示しています。</p>
<h3>おすすめの飲み方・相性料理</h3>
<p>冷やから常温、ぬる燗までお楽しみいただけます。焼き魚や煮物などだしの効いた和食と好相性です。</p>
<h3>商品仕様</h3>
<table><tbody><tr><th>製造元</th><td>金井酒造店（神奈川県秦野市）</td></tr></tbody></table>
<h3>よくあるご質問</h3><dl><dt>おすすめの飲み方は？</dt><dd>冷やから常温、ぬる燗までお楽しみいただけます。</dd><dt>どんな料理に合いますか？</dt><dd>焼き魚や煮物、だしの効いた和食をはじめ、和食全般と好相性です。</dd><dt>保存方法は？</dt><dd>直射日光を避け、冷暗所で保管してください。開栓後はお早めにお召し上がりください。</dd></dl>",,,,,,,"[""冷や"", ""常温"", ""ぬる燗""]",焼き魚、煮物、だしの効いた和食,3,3,2,3,3
87,ササノメグリ　碧笹,"<h2>ササノメグリ　碧笹</h2>
<p>「ササノメグリ　碧笹」は、神奈川県秦野市の金井酒造店が、環境省「全国名水百選」に選ばれた丹沢山系の伏流水で醸す特別純米酒／純米酒です。精米歩合65%・アルコール度数12度。日本酒作りにおいて古くから用いられてきた「黄麹」と、焼酎などに用いられる「白麹」を併せて使用。果実感のあるさわやかな酸味と、米の豊かな味わいが共存するお酒に仕上げました。 かねてより様々な挑戦を試みた金井酒造店。その革新を象徴付ける一本です。 丁寧に作り込まれた優しい味わいが、私たちの新たな歴史の幕開けを飾ります。 ＜味わい＞ 軽快な飲み口。 りんごなどのフルーツを思わせる酸味と米の甘みが、口に含んだ瞬間から花開くように広がります。さながら白ワインのような、軽やかな味わいです。 ＜おすすめの飲み方＞ よく冷やしてワイングラスに注げば、華やかな香りが際立ちます。 穏やかな味わいを堪能するなら、５〜１０度。 氷を入れたロックグラスでもお愉しみいただけます。 お料理のジャンルを問わず、和食、洋食はもちろんのこと、中華やエスニックとも好相性。様々なシーンに合わせやすいお酒です。</p>
<h3>味わいチャート</h3>
<table style=""border-collapse:collapse;width:100%;max-width:440px;font-size:13px;line-height:1.4;""><tbody>
<tr><td style=""padding:5px 6px;white-space:nowrap;color:#555;"">甘口</td><td style=""padding:5px 6px;width:100%;""><div style=""background:#ece7dd;border-radius:6px;height:12px;""><div style=""background:#9c6b1f;width:60%;height:12px;border-radius:6px;""></div></div></td><td style=""padding:5px 6px;white-space:nowrap;color:#555;"">辛口 <strong>3/5</strong></td></tr>
<tr><td style=""padding:5px 6px;white-space:nowrap;color:#555;"">淡麗</td><td style=""padding:5px 6px;width:100%;""><div style=""background:#ece7dd;border-radius:6px;height:12px;""><div style=""background:#9c6b1f;width:60%;height:12px;border-radius:6px;""></div></div></td><td style=""padding:5px 6px;white-space:nowrap;color:#555;"">濃醇 <strong>3/5</strong></td></tr>
<tr><td style=""padding:5px 6px;white-space:nowrap;color:#555;"">穏やか</td><td style=""padding:5px 6px;width:100%;""><div style=""background:#ece7dd;border-radius:6px;height:12px;""><div style=""background:#9c6b1f;width:60%;height:12px;border-radius:6px;""></div></div></td><td style=""padding:5px 6px;white-space:nowrap;color:#555;"">華やか <strong>3/5</strong></td></tr>
<tr><td style=""padding:5px 6px;white-space:nowrap;color:#555;"">おだやか</td><td style=""padding:5px 6px;width:100%;""><div style=""background:#ece7dd;border-radius:6px;height:12px;""><div style=""background:#9c6b1f;width:60%;height:12px;border-radius:6px;""></div></div></td><td style=""padding:5px 6px;white-space:nowrap;color:#555;"">酸味 <strong>3/5</strong></td></tr>
<tr><td style=""padding:5px 6px;white-space:nowrap;color:#555;"">まろやか</td><td style=""padding:5px 6px;width:100%;""><div style=""background:#ece7dd;border-radius:6px;height:12px;""><div style=""background:#9c6b1f;width:60%;height:12px;border-radius:6px;""></div></div></td><td style=""padding:5px 6px;white-space:nowrap;color:#555;"">キレ <strong>3/5</strong></td></tr>
</tbody></table>
<p style=""font-size:12px;color:#888;"">※甘辛・濃淡・香り・酸味・キレを5段階で表示しています。</p>
<h3>おすすめの飲み方・相性料理</h3>
<p>冷やから常温、ぬる燗までお楽しみいただけます。焼き魚や煮物などだしの効いた和食と好相性です。</p>
<h3>商品仕様</h3>
<table><tbody><tr><th>種類</th><td>特別純米酒／純米酒</td></tr><tr><th>アルコール度数</th><td>12度</td></tr><tr><th>精米歩合</th><td>65%</td></tr><tr><th>原材料名</th><td>米（国産）、米麹（国産米）</td></tr><tr><th>内容量</th><td>720ml</td></tr><tr><th>製造元</th><td>金井酒造店（神奈川県秦野市）</td></tr></tbody></table>
<h3>よくあるご質問</h3><dl><dt>おすすめの飲み方は？</dt><dd>冷やから常温、ぬる燗までお楽しみいただけます。</dd><dt>どんな料理に合いますか？</dt><dd>焼き魚や煮物、だしの効いた和食をはじめ、和食全般と好相性です。</dd><dt>保存方法は？</dt><dd>直射日光を避け、冷暗所で保管してください。開栓後はお早めにお召し上がりください。</dd></dl>",特別純米酒／純米酒,12,65,米（国産）、米麹（国産米）,720ml,,"[""冷や"", ""常温"", ""ぬる燗""]",焼き魚、煮物、だしの効いた和食,3,3,3,3,3
89,蔵元直詰　秦野の酒粕,"<h2>蔵元直詰　秦野の酒粕</h2>
<p>「蔵元直詰　秦野の酒粕」は、神奈川県秦野市の金井酒造店が、環境省「全国名水百選」に選ばれた丹沢山系の伏流水で醸すその他です。お酒を搾ったときにできる酒粕です。今季当蔵で醸造した時にできた、しぼりたての酒粕を詰めました。 酒粕と水を火にかけ、砂糖を加えて甘酒に。 粕汁や粕漬けの材料として。 また、美容と健康のお供にご利用ください。 ※酒粕は清酒の副産物ですので、原料米に由来する雑穀等が混入していることがありますが、害はございませんので取り除いてご利用ください。 ※アルコールを含んでおります。お酒の弱い方やお子様は酒粕を使った料理を召し上がる際はご注意ください。</p>
<h3>味わいチャート</h3>
<table style=""border-collapse:collapse;width:100%;max-width:440px;font-size:13px;line-height:1.4;""><tbody>
<tr><td style=""padding:5px 6px;white-space:nowrap;color:#555;"">甘口</td><td style=""padding:5px 6px;width:100%;""><div style=""background:#ece7dd;border-radius:6px;height:12px;""><div style=""background:#9c6b1f;width:60%;height:12px;border-radius:6px;""></div></div></td><td style=""padding:5px 6px;white-space:nowrap;color:#555;"">辛口 <strong>3/5</strong></td></tr>
<tr><td style=""padding:5px 6px;white-space:nowrap;color:#555;"">淡麗</td><td style=""padding:5px 6px;width:100%;""><div style=""background:#ece7dd;border-radius:6px;height:12px;""><div style=""background:#9c6b1f;width:60%;height:12px;border-radius:6px;""></div></div></td><td style=""padding:5px 6px;white-space:nowrap;color:#555;"">濃醇 <strong>3/5</strong></td></tr>
<tr><td style=""padding:5px 6px;white-space:nowrap;color:#555;"">穏やか</td><td style=""padding:5px 6px;width:100%;""><div style=""background:#ece7dd;border-radius:6px;height:12px;""><div style=""background:#9c6b1f;width:40%;height:12px;border-radius:6px;""></div></div></td><td style=""padding:5px 6px;white-space:nowrap;color:#555;"">華やか <strong>2/5</strong></td></tr>
<tr><td style=""padding:5px 6px;white-space:nowrap;color:#555;"">おだやか</td><td style=""padding:5px 6px;width:100%;""><div style=""background:#ece7dd;border-radius:6px;height:12px;""><div style=""background:#9c6b1f;width:60%;height:12px;border-radius:6px;""></div></div></td><td style=""padding:5px 6px;white-space:nowrap;color:#555;"">酸味 <strong>3/5</strong></td></tr>
<tr><td style=""padding:5px 6px;white-space:nowrap;color:#555;"">まろやか</td><td style=""padding:5px 6px;width:100%;""><div style=""background:#ece7dd;border-radius:6px;height:12px;""><div style=""background:#9c6b1f;width:60%;height:12px;border-radius:6px;""></div></div></td><td style=""padding:5px 6px;white-space:nowrap;color:#555;"">キレ <strong>3/5</strong></td></tr>
</tbody></table>
<p style=""font-size:12px;color:#888;"">※甘辛・濃淡・香り・酸味・キレを5段階で表示しています。</p>
<h3>おすすめの飲み方・相性料理</h3>
<p>冷やから常温、ぬる燗までお楽しみいただけます。焼き魚や煮物などだしの効いた和食と好相性です。</p>
<h3>商品仕様</h3>
<table><tbody><tr><th>種類</th><td>その他</td></tr><tr><th>原材料名</th><td>米（国産）、米麹（国産米）、醸造アルコール</td></tr><tr><th>内容量</th><td>500g</td></tr><tr><th>製造元</th><td>金井酒造店（神奈川県秦野市）</td></tr></tbody></table>
<h3>よくあるご質問</h3><dl><dt>おすすめの飲み方は？</dt><dd>冷やから常温、ぬる燗までお楽しみいただけます。</dd><dt>どんな料理に合いますか？</dt><dd>焼き魚や煮物、だしの効いた和食をはじめ、和食全般と好相性です。</dd><dt>保存方法は？</dt><dd>直射日光を避け、冷暗所で保管してください。開栓後はお早めにお召し上がりください。</dd></dl>",その他,,,米（国産）、米麹（国産米）、醸造アルコール,500g,,"[""冷や"", ""常温"", ""ぬる燗""]",焼き魚、煮物、だしの効いた和食,3,3,2,3,3
90,ミライザケ テロワール純米吟醸原酒 大地 2026,"<h2>ミライザケ テロワール純米吟醸原酒 大地 2026</h2>
<p>「ミライザケ テロワール純米吟醸原酒 大地 2026」は、神奈川県秦野市の金井酒造店が、環境省「全国名水百選」に選ばれた丹沢山系の伏流水で醸す原酒です。精米歩合55%・アルコール度数16度。神奈川県唯一の盆地、秦野。 山々に抱かれたこのまちは、湧水群を有する名水の里。 雄大な表丹沢を望む大地で作られた減農薬の特別栽培米、酒米「五百万石」を、蔵の地下から汲み上げた表丹沢伏流水で醸しました。 密度の高い旨みと心地よいほのかな酸味が、丹沢の豊かな自然を思わせます。 100%秦野産をそのまま酒瓶へ詰めた、純・秦野の テロワール純米吟醸原酒 。このまちの大地が育んだ味わいを、原酒でお楽しみください。 変わらないものを繋げ、新しきを楽しむ。 それはまるで、刻々と姿を変える山々の表情にも似た味わい深さ。 地域の未来を醸し、日本酒の未来を醸す、ネオクラッシックなお酒です。 ＜おすすめの飲み方＞ 地場の食材と合わせることを意識して醸しており、地場のジビエや豚肉を使用した肉料理、味のしっかりした創作料理や中華料理などにも合う自然味ある味わいです。</p>
<h3>味わいチャート</h3>
<table style=""border-collapse:collapse;width:100%;max-width:440px;font-size:13px;line-height:1.4;""><tbody>
<tr><td style=""padding:5px 6px;white-space:nowrap;color:#555;"">甘口</td><td style=""padding:5px 6px;width:100%;""><div style=""background:#ece7dd;border-radius:6px;height:12px;""><div style=""background:#9c6b1f;width:60%;height:12px;border-radius:6px;""></div></div></td><td style=""padding:5px 6px;white-space:nowrap;color:#555;"">辛口 <strong>3/5</strong></td></tr>
<tr><td style=""padding:5px 6px;white-space:nowrap;color:#555;"">淡麗</td><td style=""padding:5px 6px;width:100%;""><div style=""background:#ece7dd;border-radius:6px;height:12px;""><div style=""background:#9c6b1f;width:60%;height:12px;border-radius:6px;""></div></div></td><td style=""padding:5px 6px;white-space:nowrap;color:#555;"">濃醇 <strong>3/5</strong></td></tr>
<tr><td style=""padding:5px 6px;white-space:nowrap;color:#555;"">穏やか</td><td style=""padding:5px 6px;width:100%;""><div style=""background:#ece7dd;border-radius:6px;height:12px;""><div style=""background:#9c6b1f;width:80%;height:12px;border-radius:6px;""></div></div></td><td style=""padding:5px 6px;white-space:nowrap;color:#555;"">華やか <strong>4/5</strong></td></tr>
<tr><td style=""padding:5px 6px;white-space:nowrap;color:#555;"">おだやか</td><td style=""padding:5px 6px;width:100%;""><div style=""background:#ece7dd;border-radius:6px;height:12px;""><div style=""background:#9c6b1f;width:60%;height:12px;border-radius:6px;""></div></div></td><td style=""padding:5px 6px;white-space:nowrap;color:#555;"">酸味 <strong>3/5</strong></td></tr>
<tr><td style=""padding:5px 6px;white-space:nowrap;color:#555;"">まろやか</td><td style=""padding:5px 6px;width:100%;""><div style=""background:#ece7dd;border-radius:6px;height:12px;""><div style=""background:#9c6b1f;width:60%;height:12px;border-radius:6px;""></div></div></td><td style=""padding:5px 6px;white-space:nowrap;color:#555;"">キレ <strong>3/5</strong></td></tr>
</tbody></table>
<p style=""font-size:12px;color:#888;"">※甘辛・濃淡・香り・酸味・キレを5段階で表示しています。</p>
<h3>おすすめの飲み方・相性料理</h3>
<p>よく冷やして（5〜10℃）お楽しみいただけます。焼き魚や煮物などだしの効いた和食と好相性です。</p>
<h3>商品仕様</h3>
<table><tbody><tr><th>種類</th><td>原酒</td></tr><tr><th>アルコール度数</th><td>16度</td></tr><tr><th>精米歩合</th><td>55%</td></tr><tr><th>原材料名</th><td>米（国産）、米麹（国産米）</td></tr><tr><th>内容量</th><td>720ml</td></tr><tr><th>製造元</th><td>金井酒造店（神奈川県秦野市）</td></tr></tbody></table>
<h3>よくあるご質問</h3><dl><dt>おすすめの飲み方は？</dt><dd>よく冷やして（5〜10℃）お楽しみいただけます。</dd><dt>どんな料理に合いますか？</dt><dd>焼き魚や煮物、だしの効いた和食をはじめ、和食全般と好相性です。</dd><dt>保存方法は？</dt><dd>直射日光を避け、冷暗所で保管してください。開栓後はお早めにお召し上がりください。</dd></dl>",原酒,16,55,米（国産）、米麹（国産米）,720ml,,"[""冷や""]",焼き魚、煮物、だしの効いた和食,3,3,4,3,3
91,ミライザケ テロワール純米吟醸 詩歌 2026,"<h2>ミライザケ テロワール純米吟醸 詩歌 2026</h2>
<p>「ミライザケ テロワール純米吟醸 詩歌 2026」は、神奈川県秦野市の金井酒造店が、環境省「全国名水百選」に選ばれた丹沢山系の伏流水で醸す純米吟醸酒です。精米歩合55%・アルコール度数14度。神奈川県唯一の盆地、秦野。 山々に抱かれたこのまちは、湧水群を有する名水の里。 近代日本において短歌の世界を牽引した存在、秦野出身の歌人・前田夕暮は、そびえる丹沢の山々と、秦野の風景を愛したと言われています。 雄大な表丹沢を望む大地で作られた減農薬の特別栽培米、酒米「五百万石」を、蔵の地下から汲み上げた表丹沢伏流水で醸しました。 ふわりと香る吟醸香、口中に広がる旨みと優しさあふれる余韻が、歌人・夕暮の愛したふるさとの温かさを思わせます。 100%秦野産の米と水を味わう、テロワール純米吟醸酒。 変わらないものを繋げ、新しきを楽しむ。 それはまるで明治の訪れとともに和歌から短歌へと変化した、詩歌のように。時代と共に様々な作風を試みた夕暮の作品のように。 新しい時代を切り拓く、金井酒造店の試み。 地域の未来を醸し、日本酒の未来を醸す、ネオクラッシックなお酒です。 ＜おすすめの飲み方＞ 地場の食材と合わせることを意識して醸しており、地場の野菜や根菜などの煮物料理や山菜料理、またそばやうどんなどとよく合うスッキリ感と旨みのある味わいです。</p>
<h3>味わいチャート</h3>
<table style=""border-collapse:collapse;width:100%;max-width:440px;font-size:13px;line-height:1.4;""><tbody>
<tr><td style=""padding:5px 6px;white-space:nowrap;color:#555;"">甘口</td><td style=""padding:5px 6px;width:100%;""><div style=""background:#ece7dd;border-radius:6px;height:12px;""><div style=""background:#9c6b1f;width:60%;height:12px;border-radius:6px;""></div></div></td><td style=""padding:5px 6px;white-space:nowrap;color:#555;"">辛口 <strong>3/5</strong></td></tr>
<tr><td style=""padding:5px 6px;white-space:nowrap;color:#555;"">淡麗</td><td style=""padding:5px 6px;width:100%;""><div style=""background:#ece7dd;border-radius:6px;height:12px;""><div style=""background:#9c6b1f;width:60%;height:12px;border-radius:6px;""></div></div></td><td style=""padding:5px 6px;white-space:nowrap;color:#555;"">濃醇 <strong>3/5</strong></td></tr>
<tr><td style=""padding:5px 6px;white-space:nowrap;color:#555;"">穏やか</td><td style=""padding:5px 6px;width:100%;""><div style=""background:#ece7dd;border-radius:6px;height:12px;""><div style=""background:#9c6b1f;width:80%;height:12px;border-radius:6px;""></div></div></td><td style=""padding:5px 6px;white-space:nowrap;color:#555;"">華やか <strong>4/5</strong></td></tr>
<tr><td style=""padding:5px 6px;white-space:nowrap;color:#555;"">おだやか</td><td style=""padding:5px 6px;width:100%;""><div style=""background:#ece7dd;border-radius:6px;height:12px;""><div style=""background:#9c6b1f;width:60%;height:12px;border-radius:6px;""></div></div></td><td style=""padding:5px 6px;white-space:nowrap;color:#555;"">酸味 <strong>3/5</strong></td></tr>
<tr><td style=""padding:5px 6px;white-space:nowrap;color:#555;"">まろやか</td><td style=""padding:5px 6px;width:100%;""><div style=""background:#ece7dd;border-radius:6px;height:12px;""><div style=""background:#9c6b1f;width:60%;height:12px;border-radius:6px;""></div></div></td><td style=""padding:5px 6px;white-space:nowrap;color:#555;"">キレ <strong>3/5</strong></td></tr>
</tbody></table>
<p style=""font-size:12px;color:#888;"">※甘辛・濃淡・香り・酸味・キレを5段階で表示しています。</p>
<h3>おすすめの飲み方・相性料理</h3>
<p>よく冷やして（5〜10℃）お楽しみいただけます。焼き魚や煮物などだしの効いた和食と好相性です。</p>
<h3>商品仕様</h3>
<table><tbody><tr><th>種類</th><td>純米吟醸酒</td></tr><tr><th>アルコール度数</th><td>14度</td></tr><tr><th>精米歩合</th><td>55%</td></tr><tr><th>原材料名</th><td>米（国産）、米麹（国産米）</td></tr><tr><th>内容量</th><td>720ml / 1800ml</td></tr><tr><th>製造元</th><td>金井酒造店（神奈川県秦野市）</td></tr></tbody></table>
<h3>よくあるご質問</h3><dl><dt>おすすめの飲み方は？</dt><dd>よく冷やして（5〜10℃）お楽しみいただけます。</dd><dt>どんな料理に合いますか？</dt><dd>焼き魚や煮物、だしの効いた和食をはじめ、和食全般と好相性です。</dd><dt>保存方法は？</dt><dd>直射日光を避け、冷暗所で保管してください。開栓後はお早めにお召し上がりください。</dd></dl>",純米吟醸酒,14,55,米（国産）、米麹（国産米）,720ml / 1800ml,,"[""冷や""]",焼き魚、煮物、だしの効いた和食,3,3,4,3,3
92,ササノシラベ 春笹うすにごり 純米吟醸生 2026,"<h2>ササノシラベ 春笹うすにごり 純米吟醸生 2026</h2>
<p>「ササノシラベ 春笹うすにごり 純米吟醸生 2026」は、神奈川県秦野市の金井酒造店が、環境省「全国名水百選」に選ばれた丹沢山系の伏流水で醸す純米吟醸酒（生）です。精米歩合60%・アルコール度数15度。神奈川県唯一の盆地で湧水群のある名水のまち秦野。その雄大な表丹沢を望む土地には神奈川県下で最長の桜並木「はだの桜みち」があります。この土地ではるか昔から愛でてきた桜の下で愉しむ一杯。神奈川・秦野のシーズンブランドとして、春の風を感じながらキリッと味わう「春笹うすにごり」をぜひお楽しみください。 ◆おすすめの飲み方 薄張りのガラス猪口がよく合います。 うすにごりのほんのりと霞む様子をお楽しみください。 山菜の天ぷらや前菜との合わせのほか、春キャベツや筍料理などともよく合います。 春笹ならではの芳香と、辛口感のあるスッキリを楽しめます。 ◆創業者四季ラベル RIKI 明治元年(1868)創業の金井酒造店の創業者は一人の女性「リキ」でした。大きな不安と挑戦を胸に歩み出した当蔵のイズムは、この地への揺るがない信頼。 私たちの名水で醸すのは、酒と共に流れるかけがえのない今という愛すべき時間です。美しくめぐるこの国の四季を、時代を超えてあなたと共に。</p>
<h3>味わいチャート</h3>
<table style=""border-collapse:collapse;width:100%;max-width:440px;font-size:13px;line-height:1.4;""><tbody>
<tr><td style=""padding:5px 6px;white-space:nowrap;color:#555;"">甘口</td><td style=""padding:5px 6px;width:100%;""><div style=""background:#ece7dd;border-radius:6px;height:12px;""><div style=""background:#9c6b1f;width:80%;height:12px;border-radius:6px;""></div></div></td><td style=""padding:5px 6px;white-space:nowrap;color:#555;"">辛口 <strong>4/5</strong></td></tr>
<tr><td style=""padding:5px 6px;white-space:nowrap;color:#555;"">淡麗</td><td style=""padding:5px 6px;width:100%;""><div style=""background:#ece7dd;border-radius:6px;height:12px;""><div style=""background:#9c6b1f;width:60%;height:12px;border-radius:6px;""></div></div></td><td style=""padding:5px 6px;white-space:nowrap;color:#555;"">濃醇 <strong>3/5</strong></td></tr>
<tr><td style=""padding:5px 6px;white-space:nowrap;color:#555;"">穏やか</td><td style=""padding:5px 6px;width:100%;""><div style=""background:#ece7dd;border-radius:6px;height:12px;""><div style=""background:#9c6b1f;width:80%;height:12px;border-radius:6px;""></div></div></td><td style=""padding:5px 6px;white-space:nowrap;color:#555;"">華やか <strong>4/5</strong></td></tr>
<tr><td style=""padding:5px 6px;white-space:nowrap;color:#555;"">おだやか</td><td style=""padding:5px 6px;width:100%;""><div style=""background:#ece7dd;border-radius:6px;height:12px;""><div style=""background:#9c6b1f;width:60%;height:12px;border-radius:6px;""></div></div></td><td style=""padding:5px 6px;white-space:nowrap;color:#555;"">酸味 <strong>3/5</strong></td></tr>
<tr><td style=""padding:5px 6px;white-space:nowrap;color:#555;"">まろやか</td><td style=""padding:5px 6px;width:100%;""><div style=""background:#ece7dd;border-radius:6px;height:12px;""><div style=""background:#9c6b1f;width:80%;height:12px;border-radius:6px;""></div></div></td><td style=""padding:5px 6px;white-space:nowrap;color:#555;"">キレ <strong>4/5</strong></td></tr>
</tbody></table>
<p style=""font-size:12px;color:#888;"">※甘辛・濃淡・香り・酸味・キレを5段階で表示しています。</p>
<h3>おすすめの飲み方・相性料理</h3>
<p>よく冷やして（5〜10℃）お楽しみいただけます。焼き魚や煮物などだしの効いた和食と好相性です。</p>
<h3>商品仕様</h3>
<table><tbody><tr><th>種類</th><td>純米吟醸酒（生）</td></tr><tr><th>アルコール度数</th><td>15度</td></tr><tr><th>精米歩合</th><td>60%</td></tr><tr><th>原材料名</th><td>米（国産）、米麹（国産米）</td></tr><tr><th>内容量</th><td>720ml / 1800ml</td></tr><tr><th>製造元</th><td>金井酒造店（神奈川県秦野市）</td></tr></tbody></table>
<h3>よくあるご質問</h3><dl><dt>おすすめの飲み方は？</dt><dd>よく冷やして（5〜10℃）お楽しみいただけます。</dd><dt>どんな料理に合いますか？</dt><dd>焼き魚や煮物、だしの効いた和食をはじめ、和食全般と好相性です。</dd><dt>保存方法は？</dt><dd>直射日光を避け、冷暗所で保管してください。開栓後はお早めにお召し上がりください。</dd></dl>",純米吟醸酒（生）,15,60,米（国産）、米麹（国産米）,720ml / 1800ml,,"[""冷や""]",焼き魚、煮物、だしの効いた和食,4,3,4,3,4
94,黒笹 Revive 純米吟醸 2026,"<h2>黒笹 Revive 純米吟醸 2026</h2>
<p>「黒笹 Revive 純米吟醸 2026」は、神奈川県秦野市の金井酒造店が、環境省「全国名水百選」に選ばれた丹沢山系の伏流水で醸す純米吟醸酒です。精米歩合60%・アルコール度数15度。世界最大級のワインコンペティション「IWC（International Wine Challenge） 2026」のSAKE部門にてブロンズ賞を受賞しました。 神奈川県唯一の盆地、湧水群のある名水のまち秦野。先人たちから受け継がれた地下水を活かし、「地域創生」をテーマとした挑戦のお酒。 熟成された西洋梨のような果実感、秦野の名水が醸す旨み、そして日本酒らしさを感じられる酸とキレのバランスは、変わらないものを繋げ、新しきを楽しむ「ネオクラシック」な味わいです。 ＜おすすめの 飲 み 方 ＞ ・冷 やしてフルーティーな 食前酒 として ・常温 でふくよかさと 酸味 のバランスを 堪能 爽やかながらも旨みのある味わいのため、肉・お魚どちらの味わいも引き立てます。</p>
<h3>味わいチャート</h3>
<table style=""border-collapse:collapse;width:100%;max-width:440px;font-size:13px;line-height:1.4;""><tbody>
<tr><td style=""padding:5px 6px;white-space:nowrap;color:#555;"">甘口</td><td style=""padding:5px 6px;width:100%;""><div style=""background:#ece7dd;border-radius:6px;height:12px;""><div style=""background:#9c6b1f;width:60%;height:12px;border-radius:6px;""></div></div></td><td style=""padding:5px 6px;white-space:nowrap;color:#555;"">辛口 <strong>3/5</strong></td></tr>
<tr><td style=""padding:5px 6px;white-space:nowrap;color:#555;"">淡麗</td><td style=""padding:5px 6px;width:100%;""><div style=""background:#ece7dd;border-radius:6px;height:12px;""><div style=""background:#9c6b1f;width:60%;height:12px;border-radius:6px;""></div></div></td><td style=""padding:5px 6px;white-space:nowrap;color:#555;"">濃醇 <strong>3/5</strong></td></tr>
<tr><td style=""padding:5px 6px;white-space:nowrap;color:#555;"">穏やか</td><td style=""padding:5px 6px;width:100%;""><div style=""background:#ece7dd;border-radius:6px;height:12px;""><div style=""background:#9c6b1f;width:80%;height:12px;border-radius:6px;""></div></div></td><td style=""padding:5px 6px;white-space:nowrap;color:#555;"">華やか <strong>4/5</strong></td></tr>
<tr><td style=""padding:5px 6px;white-space:nowrap;color:#555;"">おだやか</td><td style=""padding:5px 6px;width:100%;""><div style=""background:#ece7dd;border-radius:6px;height:12px;""><div style=""background:#9c6b1f;width:60%;height:12px;border-radius:6px;""></div></div></td><td style=""padding:5px 6px;white-space:nowrap;color:#555;"">酸味 <strong>3/5</strong></td></tr>
<tr><td style=""padding:5px 6px;white-space:nowrap;color:#555;"">まろやか</td><td style=""padding:5px 6px;width:100%;""><div style=""background:#ece7dd;border-radius:6px;height:12px;""><div style=""background:#9c6b1f;width:80%;height:12px;border-radius:6px;""></div></div></td><td style=""padding:5px 6px;white-space:nowrap;color:#555;"">キレ <strong>4/5</strong></td></tr>
</tbody></table>
<p style=""font-size:12px;color:#888;"">※甘辛・濃淡・香り・酸味・キレを5段階で表示しています。</p>
<h3>おすすめの飲み方・相性料理</h3>
<p>よく冷やして（5〜10℃）お楽しみいただけます。焼き魚や煮物などだしの効いた和食と好相性です。</p>
<h3>商品仕様</h3>
<table><tbody><tr><th>種類</th><td>純米吟醸酒</td></tr><tr><th>アルコール度数</th><td>15度</td></tr><tr><th>精米歩合</th><td>60%</td></tr><tr><th>原材料名</th><td>米（国産）、米麹（国産米）</td></tr><tr><th>内容量</th><td>720ml / 1800ml</td></tr><tr><th>製造元</th><td>金井酒造店（神奈川県秦野市）</td></tr></tbody></table>
<h3>よくあるご質問</h3><dl><dt>おすすめの飲み方は？</dt><dd>よく冷やして（5〜10℃）お楽しみいただけます。</dd><dt>どんな料理に合いますか？</dt><dd>焼き魚や煮物、だしの効いた和食をはじめ、和食全般と好相性です。</dd><dt>保存方法は？</dt><dd>直射日光を避け、冷暗所で保管してください。開栓後はお早めにお召し上がりください。</dd></dl>",純米吟醸酒,15,60,米（国産）、米麹（国産米）,720ml / 1800ml,,"[""冷や""]",焼き魚、煮物、だしの効いた和食,3,3,4,3,4
93,黒笹 Eden 純米吟醸 2026,"<h2>黒笹 Eden 純米吟醸 2026</h2>
<p>「黒笹 Eden 純米吟醸 2026」は、神奈川県秦野市の金井酒造店が、環境省「全国名水百選」に選ばれた丹沢山系の伏流水で醸す純米吟醸酒です。精米歩合60%・アルコール度数15度。2025年5月下旬にフランスで開催された「Kura Masterコンクール2025」日本酒コンクールの純米酒（51-65%）部門において、プラチナ賞を受賞しました。 神奈川県唯一の盆地、秦野。 豊富で良質な水が湧出する「秦野盆地湧水群」を有する、名水のまちでもあります。 豊かな水に恵まれ、雄大な表丹沢を望むこの土地で、明治元年より続く金井酒造店。 先人たちから受け継がれたまちの名水を活かした酒造りに再挑戦しています。 地域で長く愛されてきたブランド、「白笹鼓」のネクストブランドとしてリリースされた「黒笹」。 その中でも華やかな米の甘みと伝統の味わいを共存させたエデン。 変わらないものを繋げ、新しきを楽しむお酒を目指したネオクラシックな黒笹の世界をお楽しみください。</p>
<h3>味わいチャート</h3>
<table style=""border-collapse:collapse;width:100%;max-width:440px;font-size:13px;line-height:1.4;""><tbody>
<tr><td style=""padding:5px 6px;white-space:nowrap;color:#555;"">甘口</td><td style=""padding:5px 6px;width:100%;""><div style=""background:#ece7dd;border-radius:6px;height:12px;""><div style=""background:#9c6b1f;width:60%;height:12px;border-radius:6px;""></div></div></td><td style=""padding:5px 6px;white-space:nowrap;color:#555;"">辛口 <strong>3/5</strong></td></tr>
<tr><td style=""padding:5px 6px;white-space:nowrap;color:#555;"">淡麗</td><td style=""padding:5px 6px;width:100%;""><div style=""background:#ece7dd;border-radius:6px;height:12px;""><div style=""background:#9c6b1f;width:60%;height:12px;border-radius:6px;""></div></div></td><td style=""padding:5px 6px;white-space:nowrap;color:#555;"">濃醇 <strong>3/5</strong></td></tr>
<tr><td style=""padding:5px 6px;white-space:nowrap;color:#555;"">穏やか</td><td style=""padding:5px 6px;width:100%;""><div style=""background:#ece7dd;border-radius:6px;height:12px;""><div style=""background:#9c6b1f;width:80%;height:12px;border-radius:6px;""></div></div></td><td style=""padding:5px 6px;white-space:nowrap;color:#555;"">華やか <strong>4/5</strong></td></tr>
<tr><td style=""padding:5px 6px;white-space:nowrap;color:#555;"">おだやか</td><td style=""padding:5px 6px;width:100%;""><div style=""background:#ece7dd;border-radius:6px;height:12px;""><div style=""background:#9c6b1f;width:60%;height:12px;border-radius:6px;""></div></div></td><td style=""padding:5px 6px;white-space:nowrap;color:#555;"">酸味 <strong>3/5</strong></td></tr>
<tr><td style=""padding:5px 6px;white-space:nowrap;color:#555;"">まろやか</td><td style=""padding:5px 6px;width:100%;""><div style=""background:#ece7dd;border-radius:6px;height:12px;""><div style=""background:#9c6b1f;width:60%;height:12px;border-radius:6px;""></div></div></td><td style=""padding:5px 6px;white-space:nowrap;color:#555;"">キレ <strong>3/5</strong></td></tr>
</tbody></table>
<p style=""font-size:12px;color:#888;"">※甘辛・濃淡・香り・酸味・キレを5段階で表示しています。</p>
<h3>おすすめの飲み方・相性料理</h3>
<p>よく冷やして（5〜10℃）お楽しみいただけます。焼き魚や煮物などだしの効いた和食と好相性です。</p>
<h3>商品仕様</h3>
<table><tbody><tr><th>種類</th><td>純米吟醸酒</td></tr><tr><th>アルコール度数</th><td>15度</td></tr><tr><th>精米歩合</th><td>60%</td></tr><tr><th>原材料名</th><td>米（国産）、米麹（国産米）</td></tr><tr><th>内容量</th><td>720ml / 1800ml</td></tr><tr><th>製造元</th><td>金井酒造店（神奈川県秦野市）</td></tr></tbody></table>
<h3>よくあるご質問</h3><dl><dt>おすすめの飲み方は？</dt><dd>よく冷やして（5〜10℃）お楽しみいただけます。</dd><dt>どんな料理に合いますか？</dt><dd>焼き魚や煮物、だしの効いた和食をはじめ、和食全般と好相性です。</dd><dt>保存方法は？</dt><dd>直射日光を避け、冷暗所で保管してください。開栓後はお早めにお召し上がりください。</dd></dl>",純米吟醸酒,15,60,米（国産）、米麹（国産米）,720ml / 1800ml,,"[""冷や""]",焼き魚、煮物、だしの効いた和食,3,3,4,3,3
95,夏笹しゅわり 純米発泡生2026,"<h2>夏笹しゅわり 純米発泡生2026</h2>
<p>「夏笹しゅわり 純米発泡生2026」は、神奈川県秦野市の金井酒造店が、環境省「全国名水百選」に選ばれた丹沢山系の伏流水で醸す純米酒（瓶内二次発酵生）です。精米歩合65%・アルコール度数12度。神奈川県唯一の盆地、湧水群のある秦野。その雄大な表丹沢の爽やかな地下水で醸す金井酒造店の夏のシーズンブランド。まるでスパークリングワインのように楽しめる、夏にぴったりの清涼感あるうすにごり純米発泡生「夏笹しゅわり2026」をぜひお楽しみください。 <おすすめの飲み方> 薄張りのワイングラスやシャンパングラスがよく合います。 微発泡の爽やかさをお楽しみください。 前菜との合わせのほか、洋食の冷製パスタやカルパッチョやアンティパストなどともよく合います。 微発泡のため開栓に注意していただき、開封後はなるべく早めにお召し上がりください。またよく冷やしてお楽しみください。</p>
<h3>味わいチャート</h3>
<table style=""border-collapse:collapse;width:100%;max-width:440px;font-size:13px;line-height:1.4;""><tbody>
<tr><td style=""padding:5px 6px;white-space:nowrap;color:#555;"">甘口</td><td style=""padding:5px 6px;width:100%;""><div style=""background:#ece7dd;border-radius:6px;height:12px;""><div style=""background:#9c6b1f;width:60%;height:12px;border-radius:6px;""></div></div></td><td style=""padding:5px 6px;white-space:nowrap;color:#555;"">辛口 <strong>3/5</strong></td></tr>
<tr><td style=""padding:5px 6px;white-space:nowrap;color:#555;"">淡麗</td><td style=""padding:5px 6px;width:100%;""><div style=""background:#ece7dd;border-radius:6px;height:12px;""><div style=""background:#9c6b1f;width:60%;height:12px;border-radius:6px;""></div></div></td><td style=""padding:5px 6px;white-space:nowrap;color:#555;"">濃醇 <strong>3/5</strong></td></tr>
<tr><td style=""padding:5px 6px;white-space:nowrap;color:#555;"">穏やか</td><td style=""padding:5px 6px;width:100%;""><div style=""background:#ece7dd;border-radius:6px;height:12px;""><div style=""background:#9c6b1f;width:60%;height:12px;border-radius:6px;""></div></div></td><td style=""padding:5px 6px;white-space:nowrap;color:#555;"">華やか <strong>3/5</strong></td></tr>
<tr><td style=""padding:5px 6px;white-space:nowrap;color:#555;"">おだやか</td><td style=""padding:5px 6px;width:100%;""><div style=""background:#ece7dd;border-radius:6px;height:12px;""><div style=""background:#9c6b1f;width:60%;height:12px;border-radius:6px;""></div></div></td><td style=""padding:5px 6px;white-space:nowrap;color:#555;"">酸味 <strong>3/5</strong></td></tr>
<tr><td style=""padding:5px 6px;white-space:nowrap;color:#555;"">まろやか</td><td style=""padding:5px 6px;width:100%;""><div style=""background:#ece7dd;border-radius:6px;height:12px;""><div style=""background:#9c6b1f;width:60%;height:12px;border-radius:6px;""></div></div></td><td style=""padding:5px 6px;white-space:nowrap;color:#555;"">キレ <strong>3/5</strong></td></tr>
</tbody></table>
<p style=""font-size:12px;color:#888;"">※甘辛・濃淡・香り・酸味・キレを5段階で表示しています。</p>
<h3>おすすめの飲み方・相性料理</h3>
<p>よく冷やして（5〜10℃）お楽しみいただけます。焼き魚や煮物などだしの効いた和食と好相性です。</p>
<h3>商品仕様</h3>
<table><tbody><tr><th>種類</th><td>純米酒（瓶内二次発酵生）</td></tr><tr><th>アルコール度数</th><td>12度</td></tr><tr><th>精米歩合</th><td>65%</td></tr><tr><th>原材料名</th><td>米（国産）、米麹（国産米）</td></tr><tr><th>内容量</th><td>300ml / 720ml / 1800ml</td></tr><tr><th>製造元</th><td>金井酒造店（神奈川県秦野市）</td></tr></tbody></table>
<h3>よくあるご質問</h3><dl><dt>おすすめの飲み方は？</dt><dd>よく冷やして（5〜10℃）お楽しみいただけます。</dd><dt>どんな料理に合いますか？</dt><dd>焼き魚や煮物、だしの効いた和食をはじめ、和食全般と好相性です。</dd><dt>保存方法は？</dt><dd>直射日光を避け、冷暗所で保管してください。開栓後はお早めにお召し上がりください。</dd></dl>",純米酒（瓶内二次発酵生）,12,65,米（国産）、米麹（国産米）,300ml / 720ml / 1800ml,,"[""冷や""]",焼き魚、煮物、だしの効いた和食,3,3,3,3,3
99,黒笹Classic 特別純米,"<h2>黒笹Classic 特別純米</h2>
<p>「黒笹Classic 特別純米」は、神奈川県秦野市の金井酒造店が、環境省「全国名水百選」に選ばれた丹沢山系の伏流水で醸す特別純米酒です。精米歩合65%・アルコール度数14度。神奈川県唯一の盆地、湧水群のある秦野。その雄大な表丹沢のミネラルを多く含んだ地下水で醸す、金井酒造店の新ブランド黒笹シリーズの特別純米がリリース。 香り穏やかで柔らかい口当たりと、旨味の乗った味わいを楽しめます。令和6年東京国税局酒類鑑評会純米燗酒部門優等賞首席受賞酒。黒笹シリーズ待望の新リリース「黒笹classic特別純米」をぜひご賞味ください。 <おすすめの飲み方> バランスのよい甘みと酸味、そして米の旨みが整った特別純米酒。柔らかな口当たりと旨味を楽しんでいただきたいお酒です。 純米燗酒部門で優等賞主席をいただいたこともあり、冷やだけでなく燗酒にも向いているため、様々な温度帯でお楽しみいただけます。煮物、焼き鳥の他、洋食などともよく合います。</p>
<h3>味わいチャート</h3>
<table style=""border-collapse:collapse;width:100%;max-width:440px;font-size:13px;line-height:1.4;""><tbody>
<tr><td style=""padding:5px 6px;white-space:nowrap;color:#555;"">甘口</td><td style=""padding:5px 6px;width:100%;""><div style=""background:#ece7dd;border-radius:6px;height:12px;""><div style=""background:#9c6b1f;width:60%;height:12px;border-radius:6px;""></div></div></td><td style=""padding:5px 6px;white-space:nowrap;color:#555;"">辛口 <strong>3/5</strong></td></tr>
<tr><td style=""padding:5px 6px;white-space:nowrap;color:#555;"">淡麗</td><td style=""padding:5px 6px;width:100%;""><div style=""background:#ece7dd;border-radius:6px;height:12px;""><div style=""background:#9c6b1f;width:60%;height:12px;border-radius:6px;""></div></div></td><td style=""padding:5px 6px;white-space:nowrap;color:#555;"">濃醇 <strong>3/5</strong></td></tr>
<tr><td style=""padding:5px 6px;white-space:nowrap;color:#555;"">穏やか</td><td style=""padding:5px 6px;width:100%;""><div style=""background:#ece7dd;border-radius:6px;height:12px;""><div style=""background:#9c6b1f;width:60%;height:12px;border-radius:6px;""></div></div></td><td style=""padding:5px 6px;white-space:nowrap;color:#555;"">華やか <strong>3/5</strong></td></tr>
<tr><td style=""padding:5px 6px;white-space:nowrap;color:#555;"">おだやか</td><td style=""padding:5px 6px;width:100%;""><div style=""background:#ece7dd;border-radius:6px;height:12px;""><div style=""background:#9c6b1f;width:60%;height:12px;border-radius:6px;""></div></div></td><td style=""padding:5px 6px;white-space:nowrap;color:#555;"">酸味 <strong>3/5</strong></td></tr>
<tr><td style=""padding:5px 6px;white-space:nowrap;color:#555;"">まろやか</td><td style=""padding:5px 6px;width:100%;""><div style=""background:#ece7dd;border-radius:6px;height:12px;""><div style=""background:#9c6b1f;width:60%;height:12px;border-radius:6px;""></div></div></td><td style=""padding:5px 6px;white-space:nowrap;color:#555;"">キレ <strong>3/5</strong></td></tr>
</tbody></table>
<p style=""font-size:12px;color:#888;"">※甘辛・濃淡・香り・酸味・キレを5段階で表示しています。</p>
<h3>おすすめの飲み方・相性料理</h3>
<p>冷やから常温、ぬる燗までお楽しみいただけます。焼き魚や煮物などだしの効いた和食と好相性です。</p>
<h3>商品仕様</h3>
<table><tbody><tr><th>種類</th><td>特別純米酒</td></tr><tr><th>アルコール度数</th><td>14度</td></tr><tr><th>精米歩合</th><td>65%</td></tr><tr><th>原材料名</th><td>米（国産）、米麹（国産米）</td></tr><tr><th>内容量</th><td>720ml / 1800ml</td></tr><tr><th>製造元</th><td>金井酒造店（神奈川県秦野市）</td></tr></tbody></table>
<h3>よくあるご質問</h3><dl><dt>おすすめの飲み方は？</dt><dd>冷やから常温、ぬる燗までお楽しみいただけます。</dd><dt>どんな料理に合いますか？</dt><dd>焼き魚や煮物、だしの効いた和食をはじめ、和食全般と好相性です。</dd><dt>保存方法は？</dt><dd>直射日光を避け、冷暗所で保管してください。開栓後はお早めにお召し上がりください。</dd></dl>",特別純米酒,14,65,米（国産）、米麹（国産米）,720ml / 1800ml,,"[""冷や"", ""常温"", ""ぬる燗""]",焼き魚、煮物、だしの効いた和食,3,3,3,3,3
101,SAKE for Highball（数量限定）,"<h2>SAKE for Highball（数量限定）</h2>
<p>「SAKE for Highball（数量限定）」は、神奈川県秦野市の金井酒造店が、環境省「全国名水百選」に選ばれた丹沢山系の伏流水で醸す清酒です。精米歩合70%・アルコール度数16度。4年以上の歳月をかけて商品化までたどり着いた、金井酒造店の新しい日本酒の提案。 熟成させた清酒を独自の手法で樽に漬け込み、木の持つ心地よい香りと深い味わいを表現しました。 日本酒でありながらロックやソーダ割に適しており、新たな日本酒の可能性を広げるビビッドな一本です。 日本の伝統を掘り下げ、モダンと融合させたネオクラシックな日本酒の新たな常識の世界を、ぜひお楽しみください。 ※滓が沈殿しますが酒質に問題ございません。撹拌してお飲みください。</p>
<h3>味わいチャート</h3>
<table style=""border-collapse:collapse;width:100%;max-width:440px;font-size:13px;line-height:1.4;""><tbody>
<tr><td style=""padding:5px 6px;white-space:nowrap;color:#555;"">甘口</td><td style=""padding:5px 6px;width:100%;""><div style=""background:#ece7dd;border-radius:6px;height:12px;""><div style=""background:#9c6b1f;width:60%;height:12px;border-radius:6px;""></div></div></td><td style=""padding:5px 6px;white-space:nowrap;color:#555;"">辛口 <strong>3/5</strong></td></tr>
<tr><td style=""padding:5px 6px;white-space:nowrap;color:#555;"">淡麗</td><td style=""padding:5px 6px;width:100%;""><div style=""background:#ece7dd;border-radius:6px;height:12px;""><div style=""background:#9c6b1f;width:60%;height:12px;border-radius:6px;""></div></div></td><td style=""padding:5px 6px;white-space:nowrap;color:#555;"">濃醇 <strong>3/5</strong></td></tr>
<tr><td style=""padding:5px 6px;white-space:nowrap;color:#555;"">穏やか</td><td style=""padding:5px 6px;width:100%;""><div style=""background:#ece7dd;border-radius:6px;height:12px;""><div style=""background:#9c6b1f;width:40%;height:12px;border-radius:6px;""></div></div></td><td style=""padding:5px 6px;white-space:nowrap;color:#555;"">華やか <strong>2/5</strong></td></tr>
<tr><td style=""padding:5px 6px;white-space:nowrap;color:#555;"">おだやか</td><td style=""padding:5px 6px;width:100%;""><div style=""background:#ece7dd;border-radius:6px;height:12px;""><div style=""background:#9c6b1f;width:60%;height:12px;border-radius:6px;""></div></div></td><td style=""padding:5px 6px;white-space:nowrap;color:#555;"">酸味 <strong>3/5</strong></td></tr>
<tr><td style=""padding:5px 6px;white-space:nowrap;color:#555;"">まろやか</td><td style=""padding:5px 6px;width:100%;""><div style=""background:#ece7dd;border-radius:6px;height:12px;""><div style=""background:#9c6b1f;width:60%;height:12px;border-radius:6px;""></div></div></td><td style=""padding:5px 6px;white-space:nowrap;color:#555;"">キレ <strong>3/5</strong></td></tr>
</tbody></table>
<p style=""font-size:12px;color:#888;"">※甘辛・濃淡・香り・酸味・キレを5段階で表示しています。</p>
<h3>おすすめの飲み方・相性料理</h3>
<p>冷やから常温、ぬる燗までお楽しみいただけます。焼き魚や煮物などだしの効いた和食と好相性です。</p>
<h3>商品仕様</h3>
<table><tbody><tr><th>種類</th><td>清酒</td></tr><tr><th>アルコール度数</th><td>16度</td></tr><tr><th>精米歩合</th><td>70%</td></tr><tr><th>原材料名</th><td>米（国産）、米麹（国産米）</td></tr><tr><th>内容量</th><td>720ml / 1800ml</td></tr><tr><th>製造元</th><td>金井酒造店（神奈川県秦野市）</td></tr></tbody></table>
<h3>よくあるご質問</h3><dl><dt>おすすめの飲み方は？</dt><dd>冷やから常温、ぬる燗までお楽しみいただけます。</dd><dt>どんな料理に合いますか？</dt><dd>焼き魚や煮物、だしの効いた和食をはじめ、和食全般と好相性です。</dd><dt>保存方法は？</dt><dd>直射日光を避け、冷暗所で保管してください。開栓後はお早めにお召し上がりください。</dd></dl>",清酒,16,70,米（国産）、米麹（国産米）,720ml / 1800ml,,"[""冷や"", ""常温"", ""ぬる燗""]",焼き魚、煮物、だしの効いた和食,3,3,2,3,3
102,ミライザケ奏炎 -2025- 辛口特別純米,"<h2>ミライザケ奏炎 -2025- 辛口特別純米</h2>
<p>「ミライザケ奏炎 -2025- 辛口特別純米」は、神奈川県秦野市の金井酒造店が、環境省「全国名水百選」に選ばれた丹沢山系の伏流水で醸す特別純米酒です。精米歩合65%・アルコール度数15度。神奈川県唯一の盆地で湧水群のある名水のまち秦野。 その表丹沢を望む土地で作られる特別栽培米「五百万石」と神奈川県の飯米である「はるみ」を使用。 オール秦野で醸すテロワール辛口特別純米です。 この奏炎は、かつてたばこ栽培でまちの礎を築いた秦野の最大の火の祭り「たばこ祭り」をイメージし、食材を引き立てるキレのある味わいに仕上げました。 地域資本循環を起こし、飲むだけで地域が元気になる地酒をぜひお召し上がりください。 ＜おすすめの飲み方＞ 冷酒としてどんな食材にも合わせやすく、特に旬の素材の刺身、天ぷらや焼き物などと合わせてお楽しみください。</p>
<h3>味わいチャート</h3>
<table style=""border-collapse:collapse;width:100%;max-width:440px;font-size:13px;line-height:1.4;""><tbody>
<tr><td style=""padding:5px 6px;white-space:nowrap;color:#555;"">甘口</td><td style=""padding:5px 6px;width:100%;""><div style=""background:#ece7dd;border-radius:6px;height:12px;""><div style=""background:#9c6b1f;width:80%;height:12px;border-radius:6px;""></div></div></td><td style=""padding:5px 6px;white-space:nowrap;color:#555;"">辛口 <strong>4/5</strong></td></tr>
<tr><td style=""padding:5px 6px;white-space:nowrap;color:#555;"">淡麗</td><td style=""padding:5px 6px;width:100%;""><div style=""background:#ece7dd;border-radius:6px;height:12px;""><div style=""background:#9c6b1f;width:60%;height:12px;border-radius:6px;""></div></div></td><td style=""padding:5px 6px;white-space:nowrap;color:#555;"">濃醇 <strong>3/5</strong></td></tr>
<tr><td style=""padding:5px 6px;white-space:nowrap;color:#555;"">穏やか</td><td style=""padding:5px 6px;width:100%;""><div style=""background:#ece7dd;border-radius:6px;height:12px;""><div style=""background:#9c6b1f;width:60%;height:12px;border-radius:6px;""></div></div></td><td style=""padding:5px 6px;white-space:nowrap;color:#555;"">華やか <strong>3/5</strong></td></tr>
<tr><td style=""padding:5px 6px;white-space:nowrap;color:#555;"">おだやか</td><td style=""padding:5px 6px;width:100%;""><div style=""background:#ece7dd;border-radius:6px;height:12px;""><div style=""background:#9c6b1f;width:60%;height:12px;border-radius:6px;""></div></div></td><td style=""padding:5px 6px;white-space:nowrap;color:#555;"">酸味 <strong>3/5</strong></td></tr>
<tr><td style=""padding:5px 6px;white-space:nowrap;color:#555;"">まろやか</td><td style=""padding:5px 6px;width:100%;""><div style=""background:#ece7dd;border-radius:6px;height:12px;""><div style=""background:#9c6b1f;width:100%;height:12px;border-radius:6px;""></div></div></td><td style=""padding:5px 6px;white-space:nowrap;color:#555;"">キレ <strong>5/5</strong></td></tr>
</tbody></table>
<p style=""font-size:12px;color:#888;"">※甘辛・濃淡・香り・酸味・キレを5段階で表示しています。</p>
<h3>おすすめの飲み方・相性料理</h3>
<p>冷やから常温、ぬる燗までお楽しみいただけます。焼き魚や煮物などだしの効いた和食と好相性です。</p>
<h3>商品仕様</h3>
<table><tbody><tr><th>種類</th><td>特別純米酒</td></tr><tr><th>アルコール度数</th><td>15度</td></tr><tr><th>精米歩合</th><td>65%</td></tr><tr><th>原材料名</th><td>米（国産）、米麹（国産米）</td></tr><tr><th>内容量</th><td>720ml / 1800ml</td></tr><tr><th>製造元</th><td>金井酒造店（神奈川県秦野市）</td></tr></tbody></table>
<h3>よくあるご質問</h3><dl><dt>おすすめの飲み方は？</dt><dd>冷やから常温、ぬる燗までお楽しみいただけます。</dd><dt>どんな料理に合いますか？</dt><dd>焼き魚や煮物、だしの効いた和食をはじめ、和食全般と好相性です。</dd><dt>保存方法は？</dt><dd>直射日光を避け、冷暗所で保管してください。開栓後はお早めにお召し上がりください。</dd></dl>",特別純米酒,15,65,米（国産）、米麹（国産米）,720ml / 1800ml,,"[""冷や"", ""常温"", ""ぬる燗""]",焼き魚、煮物、だしの効いた和食,4,3,3,3,5
103,ササノメグリ　緋笹（数量限定）,"<h2>ササノメグリ　緋笹（数量限定）</h2>
<p>「ササノメグリ　緋笹（数量限定）」は、神奈川県秦野市の金井酒造店が、環境省「全国名水百選」に選ばれた丹沢山系の伏流水で醸すです。精米歩合65%・アルコール度数13度。ライスワインに古代米から抽出した自然の色味を溶け込ませ独自製法で造る緋笹。まるでロゼワインのような果実味のある味わいのモダンスタイルのお酒です。原料は米と水のみ。和食をはじめ、洋の料理とのマリアージュも楽しめます。 ワイングラスに入れ、冷やしてお飲みいただくのがおすすめです。</p>
<h3>味わいチャート</h3>
<table style=""border-collapse:collapse;width:100%;max-width:440px;font-size:13px;line-height:1.4;""><tbody>
<tr><td style=""padding:5px 6px;white-space:nowrap;color:#555;"">甘口</td><td style=""padding:5px 6px;width:100%;""><div style=""background:#ece7dd;border-radius:6px;height:12px;""><div style=""background:#9c6b1f;width:60%;height:12px;border-radius:6px;""></div></div></td><td style=""padding:5px 6px;white-space:nowrap;color:#555;"">辛口 <strong>3/5</strong></td></tr>
<tr><td style=""padding:5px 6px;white-space:nowrap;color:#555;"">淡麗</td><td style=""padding:5px 6px;width:100%;""><div style=""background:#ece7dd;border-radius:6px;height:12px;""><div style=""background:#9c6b1f;width:60%;height:12px;border-radius:6px;""></div></div></td><td style=""padding:5px 6px;white-space:nowrap;color:#555;"">濃醇 <strong>3/5</strong></td></tr>
<tr><td style=""padding:5px 6px;white-space:nowrap;color:#555;"">穏やか</td><td style=""padding:5px 6px;width:100%;""><div style=""background:#ece7dd;border-radius:6px;height:12px;""><div style=""background:#9c6b1f;width:40%;height:12px;border-radius:6px;""></div></div></td><td style=""padding:5px 6px;white-space:nowrap;color:#555;"">華やか <strong>2/5</strong></td></tr>
<tr><td style=""padding:5px 6px;white-space:nowrap;color:#555;"">おだやか</td><td style=""padding:5px 6px;width:100%;""><div style=""background:#ece7dd;border-radius:6px;height:12px;""><div style=""background:#9c6b1f;width:60%;height:12px;border-radius:6px;""></div></div></td><td style=""padding:5px 6px;white-space:nowrap;color:#555;"">酸味 <strong>3/5</strong></td></tr>
<tr><td style=""padding:5px 6px;white-space:nowrap;color:#555;"">まろやか</td><td style=""padding:5px 6px;width:100%;""><div style=""background:#ece7dd;border-radius:6px;height:12px;""><div style=""background:#9c6b1f;width:60%;height:12px;border-radius:6px;""></div></div></td><td style=""padding:5px 6px;white-space:nowrap;color:#555;"">キレ <strong>3/5</strong></td></tr>
</tbody></table>
<p style=""font-size:12px;color:#888;"">※甘辛・濃淡・香り・酸味・キレを5段階で表示しています。</p>
<h3>おすすめの飲み方・相性料理</h3>
<p>冷やから常温、ぬる燗までお楽しみいただけます。焼き魚や煮物などだしの効いた和食と好相性です。</p>
<h3>商品仕様</h3>
<table><tbody><tr><th>アルコール度数</th><td>13度</td></tr><tr><th>精米歩合</th><td>65%</td></tr><tr><th>原材料名</th><td>米（国産）、米麹（国産米）／古代米エキス</td></tr><tr><th>内容量</th><td>720ml</td></tr><tr><th>製造元</th><td>金井酒造店（神奈川県秦野市）</td></tr></tbody></table>
<h3>よくあるご質問</h3><dl><dt>おすすめの飲み方は？</dt><dd>冷やから常温、ぬる燗までお楽しみいただけます。</dd><dt>どんな料理に合いますか？</dt><dd>焼き魚や煮物、だしの効いた和食をはじめ、和食全般と好相性です。</dd><dt>保存方法は？</dt><dd>直射日光を避け、冷暗所で保管してください。開栓後はお早めにお召し上がりください。</dd></dl>",,13,65,米（国産）、米麹（国産米）／古代米エキス,720ml,,"[""冷や"", ""常温"", ""ぬる燗""]",焼き魚、煮物、だしの効いた和食,3,3,2,3,3
